time,ust,three_pool,ust_p,three_pool_p,ideal,total
2021-10-14T00:00:00+00:00,8100000.0,7947296.477060397,0.5047579205368921,0.49524207946310794,0.5,16047296.477060396
2021-10-21T00:00:00+00:00,8113000.0,7934549.124155028,0.5055600663523243,0.4944399336476757,0.5,16047549.124155028
2021-10-24T00:00:00+00:00,7481870.525857,8555129.593019353,0.4665380351934065,0.5334619648065935,0.5,16037000.118876353
2021-10-26T00:00:00+00:00,7082338.797588,8948377.073024498,0.44179803664110473,0.5582019633588953,0.5,16030715.870612498
2021-10-31T00:00:00+00:00,7132338.797588,8899224.754422056,0.4448935236072928,0.5551064763927073,0.5,16031563.552010056
2021-11-03T00:00:00+00:00,7137393.797588,8894255.888446165,0.44520644708234114,0.5547935529176589,0.5,16031649.686034165
2021-11-05T00:00:00+00:00,6780534.508482,8449543.851556614,0.4452068038121905,0.5547931961878094,0.5,15230078.360038616
2021-11-07T00:00:00+00:00,6788174.204326,8442034.747897873,0.4457046010084327,0.5542953989915673,0.5,15230208.952223873
2021-11-09T00:00:00+00:00,6953174.204326,8279896.549444262,0.4564525640770791,0.5435474359229209,0.5,15233070.753770262
2021-11-10T00:00:00+00:00,6041948.255717,9177000.96045646,0.39700167008219656,0.6029983299178034,0.5,15218949.21617346
2021-11-13T00:00:00+00:00,5458518.997086,9752785.261613995,0.3588462175400929,0.6411537824599071,0.5,15211304.258699996
2021-11-14T00:00:00+00:00,5477330.534639,9734214.919418009,0.36007718947308953,0.6399228105269105,0.5,15211545.45405701
2021-11-15T00:00:00+00:00,5534083.924639,10080791.074701535,0.35441102953899545,0.6455889704610045,0.5,15614874.999340534
2021-11-16T00:00:00+00:00,6380328.924639,9246465.88523046,0.4082941513130611,0.5917058486869389,0.5,15626794.80986946
2021-11-19T00:00:00+00:00,7079819.924639,8558553.428893339,0.45272099371126956,0.5472790062887304,0.5,15638373.35353234
2021-11-20T00:00:00+00:00,7016399.559457,8620917.864986831,0.44869585805613654,0.5513041419438635,0.5,15637317.42444383
2021-11-22T00:00:00+00:00,8415537.414056,7249016.951768861,0.5372343966845339,0.4627656033154662,0.5,15664554.365824861
2021-11-24T00:00:00+00:00,6718029.005291,8914286.823964508,0.4297526405344477,0.5702473594655523,0.5,15632315.829255508
2021-11-25T00:00:00+00:00,7790467.6448,7861133.153423968,0.4977425469274687,0.5022574530725313,0.5,15651600.798223969
2021-11-27T00:00:00+00:00,8170982.6448,7488160.132603462,0.5218026785342895,0.4781973214657105,0.5,15659142.777403463
2021-11-30T00:00:00+00:00,4791705.95533,10817873.735221712,0.3069721318781159,0.6930278681218841,0.5,15609579.690551713
2021-12-01T00:00:00+00:00,7188538.393484,8454759.268011522,0.4595283263820964,0.5404716736179036,0.5,15643297.661495522
2021-12-02T00:00:00+00:00,20014742.971733,26222242.293872707,0.43287300970769305,0.567126990292307,0.5,46236985.26560571
2021-12-03T00:00:00+00:00,29977093.87974,32971840.572663896,0.4762128881213371,0.5237871118786629,0.5,62948934.452403896
2021-12-04T00:00:00+00:00,30368136.948475,32117658.896406747,0.4860006428318937,0.5139993571681063,0.5,62485795.84488174
2021-12-05T00:00:00+00:00,37777595.913184,43829082.72369108,0.4629228458283766,0.5370771541716234,0.5,81606678.6368751
2021-12-06T00:00:00+00:00,48081022.834132,52938350.27520538,0.4759584360327791,0.5240415639672209,0.5,101019373.10933739
2021-12-07T00:00:00+00:00,50393352.885046,53319350.950646944,0.48589373356692894,0.514106266433071,0.5,103712703.83569294
2021-12-08T00:00:00+00:00,52585385.655395,54066475.744539626,0.49305642644346037,0.5069435735565396,0.5,106651861.39993463
2021-12-09T00:00:00+00:00,54292931.710707,58390972.66551275,0.4818162097883849,0.5181837902116151,0.5,112683904.37621975
2021-12-10T00:00:00+00:00,54292931.702483,56517490.559173144,0.4899623211820396,0.5100376788179604,0.5,110810422.26165615
2021-12-11T00:00:00+00:00,101983485.582976,97120741.35133176,0.5122115544871095,0.48778844551289047,0.5,199104226.93430775
2021-12-12T00:00:00+00:00,94615495.824597,90133334.76356946,0.5121304179484063,0.4878695820515937,0.5,184748830.58816648
2021-12-13T00:00:00+00:00,87464591.116493,85523947.87150028,0.5056091671053635,0.4943908328946364,0.5,172988538.9879933
2021-12-14T00:00:00+00:00,88948892.699087,90248465.33940169,0.4963739068071652,0.5036260931928348,0.5,179197358.0384887
2021-12-15T00:00:00+00:00,117317447.14113,114696675.49583356,0.505647870947488,0.494352129052512,0.5,232014122.63696358
2021-12-16T00:00:00+00:00,117533466.298314,117046219.85508198,0.5010385520827098,0.49896144791729025,0.5,234579686.15339598
2021-12-17T00:00:00+00:00,118083671.852353,122133825.3387036,0.49156981998873855,0.5084301800112615,0.5,240217497.1910566
2021-12-18T00:00:00+00:00,167190679.188827,177238102.02934918,0.48541436809521776,0.5145856319047822,0.5,344428781.2181762
2021-12-19T00:00:00+00:00,167438380.585432,190328494.44772637,0.4680097355852566,0.5319902644147434,0.5,357766875.03315836
2021-12-20T00:00:00+00:00,167704086.940469,190302958.55172908,0.46843795129759175,0.5315620487024083,0.5,358007045.4921981
2021-12-21T00:00:00+00:00,162294145.684393,220221565.37966704,0.42428099288505705,0.575719007114943,0.5,382515711.06406003
2021-12-22T00:00:00+00:00,177565946.673472,215000581.25760642,0.452320648959268,0.547679351040732,0.5,392566527.93107843
2021-12-23T00:00:00+00:00,192988080.162838,225729903.29199824,0.46090229650634074,0.5390977034936593,0.5,418717983.45483625
2021-12-24T00:00:00+00:00,199450786.967223,219208262.2940981,0.4764038597019042,0.5235961402980959,0.5,418659049.2613211
2021-12-25T00:00:00+00:00,201621951.394737,220396255.68908024,0.47775652332149915,0.5222434766785008,0.5,422018207.08381724
2021-12-26T00:00:00+00:00,201636472.813077,220931963.86922848,0.47716879754715547,0.5228312024528445,0.5,422568436.68230546
2021-12-27T00:00:00+00:00,201910354.405491,217989145.3677817,0.4808540008133226,0.5191459991866775,0.5,419899499.7732727
2021-12-28T00:00:00+00:00,200834384.990442,223379907.0855547,0.4734267297021269,0.5265732702978732,0.5,424214292.0759967
2021-12-29T00:00:00+00:00,201990935.100707,229563713.24937806,0.46805412911888794,0.531945870881112,0.5,431554648.3500851
2021-12-30T00:00:00+00:00,202048826.550701,228784434.60311106,0.46897220982798593,0.5310277901720141,0.5,430833261.15381205
2021-12-31T00:00:00+00:00,214619659.848377,208970034.14407662,0.5066687478288849,0.4933312521711151,0.5,423589693.99245363
2022-01-01T00:00:00+00:00,212315402.857606,217462058.2682146,0.49401241819763336,0.5059875818023667,0.5,429777461.12582064
2022-01-02T00:00:00+00:00,212217925.083788,217837428.20965248,0.49346653508341504,0.506533464916585,0.5,430055353.2934405
2022-01-03T00:00:00+00:00,211585863.573919,218227481.2350952,0.4922738349781492,0.5077261650218508,0.5,429813344.8090142
2022-01-04T00:00:00+00:00,230297473.647252,222702047.04006562,0.5083834819468044,0.49161651805319556,0.5,452999520.6873176
2022-01-05T00:00:00+00:00,224330529.458112,224410783.41962427,0.4999105788132169,0.5000894211867831,0.5,448741312.8777363
2022-01-06T00:00:00+00:00,213732583.071104,219594576.49514157,0.49323606506697465,0.5067639349330254,0.5,433327159.56624556
2022-01-07T00:00:00+00:00,202288006.235699,200431106.82127112,0.5023054523043772,0.49769454769562277,0.5,402719113.0569701
2022-01-08T00:00:00+00:00,200551033.925171,197123317.37810618,0.5043097028207016,0.4956902971792984,0.5,397674351.3032772
2022-01-09T00:00:00+00:00,197574861.668818,200324608.4496904,0.4965446714718501,0.5034553285281499,0.5,397899470.1185084
2022-01-10T00:00:00+00:00,197574861.668818,198135787.20859602,0.4992912428040927,0.5007087571959072,0.5,395710648.87741405
2022-01-11T00:00:00+00:00,199254082.433914,196477945.57583395,0.5035075968857537,0.4964924031142462,0.5,395732028.009748
2022-01-12T00:00:00+00:00,196923127.555355,190306780.54585385,0.5085431766388404,0.4914568233611596,0.5,387229908.10120887
2022-01-13T00:00:00+00:00,196644285.417819,205885816.44631958,0.48852069573716034,0.5114793042628396,0.5,402530101.86413854
2022-01-14T00:00:00+00:00,196573639.168629,218006424.4995237,0.4741512108164825,0.5258487891835175,0.5,414580063.6681527
2022-01-15T00:00:00+00:00,205399775.648628,234530129.70247334,0.4668920506431623,0.5331079493568377,0.5,439929905.35110134
2022-01-16T00:00:00+00:00,208608054.059386,242270767.48137295,0.46266988843371093,0.5373301115662891,0.5,450878821.54075897
2022-01-17T00:00:00+00:00,233521535.655008,257532204.3841174,0.47555189302987866,0.5244481069701213,0.5,491053740.0391254
2022-01-18T00:00:00+00:00,250896511.46038,299089395.8820644,0.4561871642724861,0.5438128357275139,0.5,549985907.3424444
2022-01-19T00:00:00+00:00,268580817.950629,316908122.341015,0.4587291056545721,0.541270894345428,0.5,585488940.291644
2022-01-20T00:00:00+00:00,285420689.144142,322700418.08058476,0.4693484336478833,0.5306515663521166,0.5,608121107.2247268
2022-01-21T00:00:00+00:00,268686893.853602,298237306.7996472,0.47393795068900285,0.5260620493109971,0.5,566924200.6532493
2022-01-22T00:00:00+00:00,298267058.464686,284891449.28745407,0.5114682449106247,0.4885317550893753,0.5,583158507.75214
2022-01-23T00:00:00+00:00,285758536.839851,328664214.71423346,0.4650845628959382,0.5349154371040619,0.5,614422751.5540844
2022-01-24T00:00:00+00:00,295456848.180843,278920340.23693216,0.5143951642556206,0.4856048357443794,0.5,574377188.4177752
2022-01-25T00:00:00+00:00,284963197.084949,305631518.54228264,0.4825021110835853,0.5174978889164147,0.5,590594715.6272316
2022-01-26T00:00:00+00:00,303776767.310061,317009333.0034179,0.48934208925854267,0.5106579107414574,0.5,620786100.313479
2022-01-27T00:00:00+00:00,369647016.699389,212353360.27766073,0.6351319197065837,0.3648680802934163,0.5,582000376.9770497
2022-01-28T00:00:00+00:00,306300567.540176,193755599.7834212,0.612532326477562,0.387467673522438,0.5,500056167.3235972
2022-01-29T00:00:00+00:00,285686673.26536,243200578.92490005,0.5401655496181028,0.45983445038189713,0.5,528887252.19026005
2022-01-30T00:00:00+00:00,294841630.827917,290540658.0445121,0.5036736444415576,0.4963263555584424,0.5,585382288.872429
2022-01-31T00:00:00+00:00,304837626.517065,319844416.6418194,0.4879884572566963,0.5120115427433036,0.5,624682043.1588844
2022-02-01T00:00:00+00:00,323415443.555346,372351815.5377542,0.4648328005214025,0.5351671994785975,0.5,695767259.0931002
2022-02-02T00:00:00+00:00,344527303.197029,309686037.4011557,0.52662836695138,0.47337163304861996,0.5,654213340.5981847
2022-02-03T00:00:00+00:00,367591490.731528,420558319.7291463,0.46639799420451605,0.533602005795484,0.5,788149810.4606743
2022-02-04T00:00:00+00:00,397369098.282638,413155333.5817549,0.4902617153299099,0.5097382846700901,0.5,810524431.864393
2022-02-05T00:00:00+00:00,419259688.165861,427959183.5460284,0.49486585127489596,0.5051341487251041,0.5,847218871.7118894
2022-02-06T00:00:00+00:00,428441854.673995,431332914.71901304,0.4983187108136128,0.5016812891863872,0.5,859774769.3930081
2022-02-07T00:00:00+00:00,444195846.844154,428808990.62455076,0.5088125835958812,0.49118741640411884,0.5,873004837.4687048
2022-02-08T00:00:00+00:00,452017741.260926,468799479.9405651,0.4908875842603475,0.5091124157396525,0.5,920817221.2014911
2022-02-09T00:00:00+00:00,463393321.23872,479928881.78886133,0.49123546520103595,0.508764534798964,0.5,943322203.0275813
2022-02-10T00:00:00+00:00,477294809.428995,506242195.05814236,0.48528403837523026,0.5147159616247697,0.5,983537004.4871373
2022-02-11T00:00:00+00:00,496462612.489401,540588963.5701393,0.4787250932839791,0.5212749067160208,0.5,1037051576.0595403
2022-02-12T00:00:00+00:00,500140265.756216,554228293.8852315,0.47435051167145537,0.5256494883285446,0.5,1054368559.6414474
2022-02-13T00:00:00+00:00,527225218.345227,531381168.4629775,0.49803706544304865,0.5019629345569514,0.5,1058606386.8082045
2022-02-14T00:00:00+00:00,538235136.864906,544157560.1510103,0.49726419842704406,0.5027358015729559,0.5,1082392697.0159163
2022-02-15T00:00:00+00:00,550531666.444995,552263207.6961974,0.49921493049532406,0.5007850695046759,0.5,1102794874.1411924
2022-02-16T00:00:00+00:00,567633038.383295,591865251.9206951,0.48955056090205745,0.5104494390979425,0.5,1159498290.3039901
2022-02-17T00:00:00+00:00,600847305.72493,668453401.7483519,0.47336876296319047,0.5266312370368095,0.5,1269300707.4732819
2022-02-18T00:00:00+00:00,611932668.175462,665968572.4009575,0.4788575585852309,0.5211424414147691,0.5,1277901240.5764194
2022-02-19T00:00:00+00:00,572266190.661771,696808101.3715361,0.45093198582163996,0.54906801417836,0.5,1269074292.033307
2022-02-20T00:00:00+00:00,562091229.609083,696148237.6033571,0.44672834087327196,0.553271659126728,0.5,1258239467.21244
2022-02-21T00:00:00+00:00,554652366.569228,692358473.4910972,0.44478552130500826,0.5552144786949917,0.5,1247010840.0603251
2022-02-22T00:00:00+00:00,502447052.058456,715348691.9292631,0.41258729515113407,0.5874127048488659,0.5,1217795743.987719
2022-02-23T00:00:00+00:00,478904805.939612,729569807.6304439,0.396288677115723,0.603711322884277,0.5,1208474613.570056
2022-02-24T00:00:00+00:00,490648947.464099,695839913.2442983,0.4135301760617924,0.5864698239382076,0.5,1186488860.7083974
2022-02-25T00:00:00+00:00,466209805.744675,695436412.0920502,0.4013354484232505,0.5986645515767495,0.5,1161646217.8367252
2022-02-26T00:00:00+00:00,435737307.686503,732584631.5498656,0.3729599633910041,0.6270400366089959,0.5,1168321939.2363687
2022-02-27T00:00:00+00:00,420711346.061302,729632819.0721279,0.36572650065339635,0.6342734993466037,0.5,1150344165.13343
2022-02-28T00:00:00+00:00,456017494.390986,698174104.1691152,0.39509687556198253,0.6049031244380175,0.5,1154191598.5601013
2022-03-01T00:00:00+00:00,419593729.077348,767028230.6307559,0.3536035429350755,0.6463964570649244,0.5,1186621959.708104
2022-03-02T00:00:00+00:00,490846020.502481,838369068.5292748,0.3692750891505674,0.6307249108494326,0.5,1329215089.031756
2022-03-03T00:00:00+00:00,464510382.059195,860688859.1794473,0.35052116512308346,0.6494788348769166,0.5,1325199241.2386422
2022-03-04T00:00:00+00:00,450678249.410562,866608321.957938,0.3421262003319159,0.6578737996680841,0.5,1317286571.3685
2022-03-05T00:00:00+00:00,482742020.429406,834893685.8506583,0.36636986849140446,0.6336301315085956,0.5,1317635706.2800643
2022-03-06T00:00:00+00:00,493592594.987211,829330314.5882399,0.37310760242682134,0.6268923975731787,0.5,1322922909.575451
2022-03-07T00:00:00+00:00,447438165.056972,875650564.2126365,0.338176990823566,0.661823009176434,0.5,1323088729.2696085
2022-03-08T00:00:00+00:00,441147289.006563,896441857.1188006,0.32980776667069117,0.6701922333293088,0.5,1337589146.1253636
2022-03-09T00:00:00+00:00,418297677.583684,863891605.6983335,0.32623707204365976,0.6737629279563402,0.5,1282189283.2820175
2022-03-10T00:00:00+00:00,432871688.148202,849790219.2046629,0.3374791795614754,0.6625208204385246,0.5,1282661907.352865
2022-03-11T00:00:00+00:00,443128794.456946,830196886.1726958,0.34800899816755837,0.6519910018324416,0.5,1273325680.6296418
2022-03-12T00:00:00+00:00,459851677.140127,813632731.5578403,0.3610972179944373,0.6389027820055627,0.5,1273484408.6979673
2022-03-13T00:00:00+00:00,459222153.743657,813731921.5057387,0.36075311959206907,0.6392468804079309,0.5,1272954075.2493958
2022-03-14T00:00:00+00:00,448218314.928326,831523762.9666053,0.3502411327019954,0.6497588672980046,0.5,1279742077.8949313
2022-03-15T00:00:00+00:00,447463720.343652,831247692.5296919,0.34993331242596265,0.6500666875740373,0.5,1278711412.873344
2022-03-16T00:00:00+00:00,448333168.795529,792576526.5886623,0.3612939527051749,0.638706047294825,0.5,1240909695.3841913
2022-03-17T00:00:00+00:00,478832498.815266,769112132.19289,0.38369691003713813,0.6163030899628619,0.5,1247944631.008156
2022-03-18T00:00:00+00:00,470370710.45903,768698865.4847783,0.37961605997850867,0.6203839400214913,0.5,1239069575.9438083
2022-03-19T00:00:00+00:00,457087392.935421,782352075.8604033,0.36878557157737085,0.6312144284226291,0.5,1239439468.7958243
2022-03-20T00:00:00+00:00,469831982.829547,773083730.9650763,0.3780079192941807,0.6219920807058192,0.5,1242915713.7946234
2022-03-21T00:00:00+00:00,461298627.12581,779820421.9097446,0.37167959631614284,0.6283204036838572,0.5,1241119049.0355546
2022-03-22T00:00:00+00:00,453477852.314448,783696681.6517347,0.36654315124048903,0.633456848759511,0.5,1237174533.9661827
2022-03-23T00:00:00+00:00,475568016.485173,756906874.535646,0.385864263807659,0.6141357361923411,0.5,1232474891.020819
2022-03-24T00:00:00+00:00,562730611.152053,658417355.7560537,0.46082098681035544,0.5391790131896446,0.5,1221147966.9081066
2022-03-25T00:00:00+00:00,626129516.919347,594611387.2189468,0.5129094263957054,0.48709057360429464,0.5,1220740904.1382937
2022-03-26T00:00:00+00:00,547725346.947208,668093218.7367657,0.45049924586328255,0.5495007541367175,0.5,1215818565.6839738
2022-03-27T00:00:00+00:00,618106118.141149,618316802.9492065,0.49991480067035976,0.5000851993296402,0.5,1236422921.0903554
2022-03-28T00:00:00+00:00,641224880.348324,607642143.9228756,0.5134452811119127,0.4865547188880873,0.5,1248867024.2711997
2022-03-29T00:00:00+00:00,639747152.755791,639954794.3494524,0.499918871111304,0.5000811288886959,0.5,1279701947.1052434
2022-03-30T00:00:00+00:00,663448962.558367,658068626.6406052,0.502035665647486,0.49796433435251397,0.5,1321517589.1989722
2022-03-31T00:00:00+00:00,674573894.742408,641600237.6291902,0.5125263277488226,0.4874736722511774,0.5,1316174132.3715982
2022-04-01T00:00:00+00:00,661966405.714766,643129565.1118833,0.5072166495889767,0.4927833504110232,0.5,1305095970.8266492
2022-04-02T00:00:00+00:00,659441743.733901,646865116.8644303,0.5048138103108906,0.49518618968910944,0.5,1306306860.5983312
2022-04-03T00:00:00+00:00,661734087.084693,655492278.5415756,0.5023692998811748,0.49763070011882515,0.5,1317226365.6262686
2022-04-04T00:00:00+00:00,664741811.777088,646380940.4620236,0.5070019650271906,0.49299803497280936,0.5,1311122752.2391117
2022-04-05T00:00:00+00:00,670135737.469648,637645880.2096773,0.5124217441279012,0.4875782558720988,0.5,1307781617.6793253
2022-04-06T00:00:00+00:00,669510849.498962,637998811.4900352,0.5120504035071876,0.48794959649281244,0.5,1307509660.9889972
2022-04-07T00:00:00+00:00,656318758.26698,638823151.7632589,0.5067543202672333,0.4932456797327666,0.5,1295141910.0302389
2022-04-08T00:00:00+00:00,670228011.497152,625195281.7961904,0.5173814728877059,0.4826185271122942,0.5,1295423293.2933424
2022-04-09T00:00:00+00:00,666501308.934833,626241120.9266194,0.5155716200993451,0.4844283799006549,0.5,1292742429.8614523
2022-04-10T00:00:00+00:00,657177681.290661,657247807.2878242,0.49997332446845694,0.5000266755315431,0.5,1314425488.5784853
2022-04-11T00:00:00+00:00,613531816.305504,709128445.8003334,0.4638619862433049,0.5361380137566951,0.5,1322660262.1058373
2022-04-12T00:00:00+00:00,599017786.059729,727931703.805318,0.4514247080502289,0.5485752919497711,0.5,1326949489.865047
2022-04-13T00:00:00+00:00,594165659.45371,723656893.9053776,0.4508692448305735,0.5491307551694266,0.5,1317822553.3590877
2022-04-14T00:00:00+00:00,592609021.580976,724190683.9798895,0.45003732843983707,0.5499626715601629,0.5,1316799705.5608656
2022-04-15T00:00:00+00:00,569924169.192757,744042197.2857679,0.43374334665823555,0.5662566533417644,0.5,1313966366.478525
2022-04-16T00:00:00+00:00,544942402.444025,773436150.3014966,0.41334289101501476,0.5866571089849852,0.5,1318378552.7455215
2022-04-17T00:00:00+00:00,524762767.836103,795246119.0771123,0.3975448749161367,0.6024551250838633,0.5,1320008886.9132154
2022-04-18T00:00:00+00:00,514598799.973819,802686968.0075511,0.3906508462187354,0.6093491537812645,0.5,1317285767.9813702
2022-04-19T00:00:00+00:00,496645176.498625,818173860.4757185,0.37772892126775326,0.6222710787322467,0.5,1314819036.9743435
2022-04-20T00:00:00+00:00,452572556.77946,859981776.6312085,0.34480291235140836,0.6551970876485916,0.5,1312554333.4106686
2022-04-21T00:00:00+00:00,503101167.153453,818170767.9505312,0.3807703424154384,0.6192296575845616,0.5,1321271935.1039844
2022-04-22T00:00:00+00:00,517437356.21974,696219183.1176318,0.4263457901378332,0.5736542098621669,0.5,1213656539.3373718
2022-04-23T00:00:00+00:00,559197670.836811,658648597.4629213,0.4591693429561695,0.5408306570438305,0.5,1217846268.2997322
2022-04-24T00:00:00+00:00,572600042.271793,662038982.4344258,0.4637793159081802,0.5362206840918198,0.5,1234639024.706219
2022-04-25T00:00:00+00:00,576288544.169671,657048573.8364711,0.4672595479014855,0.5327404520985145,0.5,1233337118.0061421
2022-04-26T00:00:00+00:00,603032590.302296,639228938.2617121,0.4854312690495788,0.5145687309504212,0.5,1242261528.564008
2022-04-27T00:00:00+00:00,607553093.517103,635805290.1327425,0.4886387557331998,0.5113612442668002,0.5,1243358383.6498456
2022-04-28T00:00:00+00:00,626916252.533751,635964791.7024344,0.4964175013909738,0.5035824986090262,0.5,1262881044.2361853
2022-04-29T00:00:00+00:00,621290796.633006,641337475.6648927,0.49206152773872114,0.5079384722612789,0.5,1262628272.2978988
2022-04-30T00:00:00+00:00,628018664.566151,660715684.9609941,0.4873142900215082,0.5126857099784917,0.5,1288734349.5271451
2022-05-01T00:00:00+00:00,659002990.548065,631592992.3914102,0.5106191242336837,0.48938087576631634,0.5,1290595982.9394753
2022-05-02T00:00:00+00:00,659428313.152765,576386217.6279361,0.5335981223138592,0.46640187768614083,0.5,1235814530.7807012
2022-05-03T00:00:00+00:00,661158112.085333,569596152.9295152,0.5371974982165563,0.4628025017834437,0.5,1230754265.0148482
2022-05-04T00:00:00+00:00,640774826.236261,597996425.0647302,0.5172664651066949,0.482733534893305,0.5,1238771251.300991
2022-05-05T00:00:00+00:00,655442948.0386,582827505.5256408,0.5293213176103584,0.47067868238964167,0.5,1238270453.5642407
2022-05-06T00:00:00+00:00,664583425.748338,568578220.4436963,0.5389264479645077,0.46107355203549233,0.5,1233161646.1920342
2022-05-07T00:00:00+00:00,627649424.450131,235920577.4768202,0.7268078129735954,0.2731921870264046,0.5,863570001.9269512
2022-05-08T00:00:00+00:00,542602820.265822,274497394.65364283,0.664059084012482,0.335940915987518,0.5,817100214.9194648
2022-05-09T00:00:00+00:00,719639442.796959,33911520.91298848,0.9549977074595827,0.04500229254041735,0.5,753550963.7099475
2022-05-10T00:00:00+00:00,660972352.706006,33162537.45352501,0.9522246498142409,0.04777535018575908,0.5,694134890.159531
2022-05-11T00:00:00+00:00,298528173.835792,16460464.14745188,0.9477426733458001,0.052257326654199854,0.5,314988637.9832439
2022-05-12T00:00:00+00:00,140675774.397113,2775393.1171546555,0.9806526976026276,0.019347302397372368,0.5,143451167.51426765
2022-05-13T00:00:00+00:00,130944413.308887,1081054.8920248717,0.9918117700565185,0.008188229943481503,0.5,132025468.20091186
2022-05-14T00:00:00+00:00,122085492.79849,1308330.7517611098,0.9893971131283706,0.01060288687162938,0.5,123393823.55025111
2022-05-15T00:00:00+00:00,122443753.906074,1141677.959799822,0.9907620344682788,0.009237965531721206,0.5,123585431.86587383
2022-05-16T00:00:00+00:00,124446440.25549,903004.2307591251,0.9927961050448996,0.007203894955100379,0.5,125349444.48624912
2022-05-17T00:00:00+00:00,124964341.972469,839279.7568721354,0.9933286518676084,0.006671348132391569,0.5,125803621.72934113
2022-05-18T00:00:00+00:00,123289474.660228,837184.8062128614,0.9932553988819847,0.0067446011180153,0.5,124126659.46644086
2022-05-19T00:00:00+00:00,123032410.406018,733976.9021286406,0.9940696588298952,0.0059303411701048196,0.5,123766387.30814664
2022-05-20T00:00:00+00:00,123862863.820468,675520.3094453232,0.9945758063735542,0.005424193626445709,0.5,124538384.12991333
2022-05-21T00:00:00+00:00,74606841.835801,374427.5871547329,0.9950063850607456,0.004993614939254426,0.5,74981269.42295574
2022-05-22T00:00:00+00:00,74146783.269518,402307.69520228205,0.9946034527048402,0.005396547295159785,0.5,74549090.96472028
2022-05-23T00:00:00+00:00,4212847.278391,24901.99667659417,0.9941237682882509,0.005876231711749151,0.5,4237749.275067594
2022-05-24T00:00:00+00:00,4127674.810978,24410.87118814679,0.994120817088868,0.005879182911131935,0.5,4152085.6821661466
2022-05-25T00:00:00+00:00,3007688.366179,20402.337951952406,0.9932623095060794,0.006737690493920584,0.5,3028090.7041309522
2022-05-26T00:00:00+00:00,3306038.981426,14676.859918216189,0.995580212032754,0.004419787967245953,0.5,3320715.8413442164
2022-05-27T00:00:00+00:00,4429017.338989,17248.261314586613,0.9961207307738411,0.0038792692261588957,0.5,4446265.600303587
2022-05-28T00:00:00+00:00,5013542.563197,14173.985828364674,0.9971808303650069,0.0028191696349931135,0.5,5027716.549025364
2022-05-29T00:00:00+00:00,6675050.782113,21183.6831867685,0.996836478277972,0.0031635217220280197,0.5,6696234.465299768
2022-05-30T00:00:00+00:00,10050140.20354,29346.405762929615,0.9970885019346278,0.0029114980653721146,0.5,10079486.60930293
2022-05-31T00:00:00+00:00,10122677.627039,27719.032055245647,0.9972691676014049,0.002730832398595062,0.5,10150396.659094246
2022-06-01T00:00:00+00:00,3271982.954318,7441.8891281851975,0.9977307334415492,0.002269266558450806,0.5,3279424.8434461853
2022-06-02T00:00:00+00:00,2322259.350971,5830.108450382901,0.9974957541142633,0.0025042458857366676,0.5,2328089.4594213828
2022-06-03T00:00:00+00:00,2310952.273841,6047.350912751399,0.9973900078152175,0.0026099921847825528,0.5,2316999.6247537513
2022-06-04T00:00:00+00:00,2330284.746562,5686.215473331469,0.997565802158612,0.002434197841388007,0.5,2335970.9620353314
2022-06-05T00:00:00+00:00,2356282.611696,5250.407789449774,0.9977766951610976,0.002223304838902391,0.5,2361533.01948545
2022-06-06T00:00:00+00:00,2347513.800852,5389.650476065727,0.9977093618214451,0.0022906381785549293,0.5,2352903.4513280657
2022-06-07T00:00:00+00:00,2370530.730004,5039.837389615441,0.9978784728777201,0.0021215271222799143,0.5,2375570.5673936154
2022-06-08T00:00:00+00:00,2466474.749549,3929.678301930164,0.9984092975799316,0.0015907024200683994,0.5,2470404.42785093
2022-06-09T00:00:00+00:00,2446446.607878,4125.43981666881,0.9983165400827331,0.0016834599172669672,0.5,2450572.0476946686
2022-06-10T00:00:00+00:00,2472215.148066,3878.6812376266143,0.99843354836084,0.0015664516391599949,0.5,2476093.8293036264
2022-06-11T00:00:00+00:00,2479488.498206,3814.1890476345534,0.9984640659927555,0.0015359340072445174,0.5,2483302.6872536344
2022-06-12T00:00:00+00:00,2463864.846953,3958.551629551651,0.9983959339911335,0.0016040660088664901,0.5,2467823.3985825516
2022-06-13T00:00:00+00:00,2488976.821852,3733.739699972073,0.9985021366870418,0.0014978633129581764,0.5,2492710.5615519723
2022-06-14T00:00:00+00:00,2498812.148837,3652.041066591873,0.99854062204713,0.0014593779528699544,0.5,2502464.1899035918
2022-06-15T00:00:00+00:00,2532503.358469,3392.907526849892,0.998662047981873,0.0013379520181270082,0.5,2535896.26599585
2022-06-16T00:00:00+00:00,2527563.079252,3429.4358727966624,0.9986450233051647,0.001354976694835293,0.5,2530992.515124797
2022-06-17T00:00:00+00:00,2528475.797991,3424.2883667547426,0.9986475420632887,0.0013524579367113676,0.5,2531900.0863577547
2022-06-18T00:00:00+00:00,2555692.921012,3234.341831900386,0.9987360555812337,0.0012639444187662662,0.5,2558927.2628439004
2022-06-19T00:00:00+00:00,2480969.604161,3680.4957722476074,0.9985187066088917,0.0014812933911082641,0.5,2484650.0999332475
2022-06-20T00:00:00+00:00,2490927.292879,3599.18951833045,0.9985571652400854,0.0014428347599146345,0.5,2494526.4823973305
2022-06-21T00:00:00+00:00,2486679.785715,3634.0743772088395,0.9985407163187557,0.001459283681244211,0.5,2490313.8600922087
2022-06-22T00:00:00+00:00,2408171.532458,3607.534361045353,0.9985042019765917,0.001495798023408263,0.5,2411779.066819045
2022-06-23T00:00:00+00:00,2409527.733703,3596.368454663054,0.9985096628675469,0.0014903371324530754,0.5,2413124.102157663
2022-06-24T00:00:00+00:00,2376490.62356,3896.344794356306,0.9983631464773771,0.0016368535226228295,0.5,2380386.9683543565
2022-06-25T00:00:00+00:00,2369181.181446,3969.003815567348,0.9983275378691931,0.0016724621308068987,0.5,2373150.185261567
2022-06-26T00:00:00+00:00,2286654.481505,4978.468850053103,0.9978275452666703,0.0021724547333296837,0.5,2291632.950355053
2022-06-27T00:00:00+00:00,769889.135014,2081.6499709949485,0.9973034601678152,0.0026965398321847247,0.5,771970.7849849949
2022-06-28T00:00:00+00:00,663559.749652,2840.510196824399,0.9957375313787111,0.004262468621288923,0.5,666400.2598488244
2022-06-29T00:00:00+00:00,630974.411767,4057.850659896363,0.9936100086562712,0.006389991343728768,0.5,635032.2624268964
2022-06-30T00:00:00+00:00,648591.571594,2966.7732889483495,0.9954466498476336,0.0045533501523663655,0.5,651558.3448829483
2022-07-01T00:00:00+00:00,639105.161495,3480.630703238594,0.9945833992199989,0.005416600780001084,0.5,642585.7921982385
2022-07-02T00:00:00+00:00,642390.376539,3286.89768665444,0.9949093799366001,0.005090620063399844,0.5,645677.2742256544
2022-07-03T00:00:00+00:00,637644.488553,3575.1039864212516,0.9944245247213006,0.00557547527869941,0.5,641219.5925394213
2022-07-04T00:00:00+00:00,637672.451919,3573.5967114871087,0.9944271052911449,0.005572894708855142,0.5,641246.048630487
2022-07-05T00:00:00+00:00,642369.399133,3289.3705263071715,0.9949054040913239,0.005094595908676132,0.5,645658.7696593072
2022-07-06T00:00:00+00:00,649039.093813,2948.823476454595,0.9954771807908437,0.004522819209156362,0.5,651987.9172894546
2022-07-07T00:00:00+00:00,647333.0085,3030.357919920085,0.9953405156618809,0.004659484338119183,0.5,650363.3664199201
2022-07-08T00:00:00+00:00,646578.903518,3067.8015761291736,0.995277738573792,0.004722261426208066,0.5,649646.7050941292
2022-07-09T00:00:00+00:00,649732.477306,2918.116865893002,0.9955288221723055,0.004471177827694488,0.5,652650.594171893
2022-07-10T00:00:00+00:00,646331.857963,3081.0683028374165,0.995255609831246,0.004744390168754017,0.5,649412.9262658374
2022-07-11T00:00:00+00:00,646689.339913,3039.474210175023,0.9953219340991104,0.0046780659008895395,0.5,649728.814123175
2022-07-12T00:00:00+00:00,650929.580951,2844.077587364313,0.9956497519436271,0.00435024805637289,0.5,653773.6585383643
