,time,steth_pool,eth_pool,price_to_eth
0,2021-01-05T00:00:00+00:00,5816.77803039849,5602.500331868219,-0.8546333838646981
1,2021-01-06T00:00:00+00:00,6388.830349296296,5835.94507975866,-1.3166729736705045
2,2021-01-07T00:00:00+00:00,6316.474453024365,6287.591382149544,-0.8574357691690725
3,2021-01-08T00:00:00+00:00,6435.216460113304,6007.300069536919,-0.6893308350790176
4,2021-01-09T00:00:00+00:00,8011.327783125029,8111.001328356746,-0.15879720724350463
5,2021-01-10T00:00:00+00:00,13354.278167129232,13099.79826359679,-0.12766476132020382
6,2021-01-11T00:00:00+00:00,13640.66855650158,13856.025398461667,-0.2716094112330991
7,2021-01-12T00:00:00+00:00,16047.968507574738,15954.981468290855,-0.0931751145058335
8,2021-01-13T00:00:00+00:00,37195.75762390276,37410.182720454475,0.28077274998148616
9,2021-01-14T00:00:00+00:00,53127.135760305726,53441.35974312572,0.46390622328266456
10,2021-01-15T00:00:00+00:00,57817.671366280265,57936.36780198108,0.09905614500207857
11,2021-01-16T00:00:00+00:00,60363.14857375628,57015.610341178224,-0.22850266415311535
12,2021-01-17T00:00:00+00:00,59651.91378181059,53266.920613589115,-2.024840678647388
13,2021-01-18T00:00:00+00:00,55197.26419849193,48450.77982480412,-2.2211428370077386
14,2021-01-19T00:00:00+00:00,59885.49913251921,60220.2998788895,-0.4459904987985232
15,2021-01-20T00:00:00+00:00,62541.57840263959,60985.3134771194,0.26249905216348113
16,2021-01-21T00:00:00+00:00,62824.89026564041,62306.843513149186,-0.06132192763202269
17,2021-01-22T00:00:00+00:00,64051.60206064189,64055.72886660396,-0.3385879107781037
18,2021-01-23T00:00:00+00:00,78261.97042287319,77410.19014484796,0.11061173320600735
19,2021-01-24T00:00:00+00:00,72169.33594098157,67633.5612012063,-1.4844841238246735
20,2021-01-25T00:00:00+00:00,74325.99100346504,72561.4981925818,-0.7842264902900565
21,2021-01-26T00:00:00+00:00,82114.35813328683,81099.18254659894,0.20044439941139353
22,2021-01-27T00:00:00+00:00,84582.37993529209,84822.31482669845,0.05340218979070205
23,2021-01-28T00:00:00+00:00,88348.7625840538,87830.29445995197,0.003866259417774407
24,2021-01-29T00:00:00+00:00,86257.77064576933,86067.40262236817,-0.9338798030634075
25,2021-01-30T00:00:00+00:00,85422.18913428723,79919.11788835964,-0.9618823536556633
26,2021-01-31T00:00:00+00:00,85345.44979893921,83958.04167941603,-1.3024617764403295
27,2021-02-01T00:00:00+00:00,88283.3412579541,88597.07668670802,-0.1383667978250865
28,2021-02-02T00:00:00+00:00,95904.24060827034,96203.54988274365,0.10774024583027426
29,2021-02-03T00:00:00+00:00,104818.95436587142,104107.1581012373,-0.007396557813566554
30,2021-02-04T00:00:00+00:00,105817.93244907452,105758.13360693851,-0.1051543903814925
31,2021-02-05T00:00:00+00:00,107406.184223999,107619.60026737544,0.042728502163886024
32,2021-02-06T00:00:00+00:00,110046.56124073893,109974.26282346998,0.06304093292369894
33,2021-02-07T00:00:00+00:00,114128.5392145032,114805.21191175884,0.24283364949360856
34,2021-02-08T00:00:00+00:00,115762.29568096998,115913.13308466802,0.017968806628695863
35,2021-02-09T00:00:00+00:00,121873.29832871915,122120.3242305772,-0.10877826281653176
36,2021-02-10T00:00:00+00:00,117414.84122847188,112633.16726149236,-1.1356839639771767
37,2021-02-11T00:00:00+00:00,117304.83983852608,113611.98223843472,-0.6811926566430333
38,2021-02-12T00:00:00+00:00,117166.54387323427,115794.56154824933,-0.5225423451044162
39,2021-02-13T00:00:00+00:00,119833.9679806498,119181.21761906767,-0.09029916480296676
40,2021-02-14T00:00:00+00:00,121119.95021414237,120184.73801885244,-0.16190976300932408
41,2021-02-15T00:00:00+00:00,121346.99930631187,120016.71339258504,-0.2468675113574316
42,2021-02-16T00:00:00+00:00,121020.43583549565,119216.65608900395,-0.44994075375136133
43,2021-02-17T00:00:00+00:00,121596.70855360545,118014.21587255198,-0.3112507840109329
44,2021-02-18T00:00:00+00:00,135062.76921283215,133196.6680036038,-0.08027400560338972
45,2021-02-19T00:00:00+00:00,135104.3081327183,131375.16879590385,-0.36190023290341583
46,2021-02-20T00:00:00+00:00,134110.0407292808,127775.7764526129,-0.6373150773456967
47,2021-02-21T00:00:00+00:00,134549.33188175026,126269.93283196556,-0.789308364133518
48,2021-02-22T00:00:00+00:00,134724.6393909345,127890.16403689924,-1.1336633013681865
49,2021-02-23T00:00:00+00:00,131174.33891524177,119133.17488231523,-0.9932054152881761
50,2021-02-24T00:00:00+00:00,129533.98442276931,116083.73878489497,-1.0266214442931447
51,2021-02-25T00:00:00+00:00,129524.02163625928,114438.19447615618,-1.2168193740282012
52,2021-02-26T00:00:00+00:00,125855.69610825916,111548.98862212955,-1.120127121150252
53,2021-02-27T00:00:00+00:00,128693.24524309643,99421.54683433271,-2.2187900843491017
54,2021-02-28T00:00:00+00:00,128790.32998095358,102130.42322095153,-2.150931574794422
55,2021-03-01T00:00:00+00:00,128445.22605664439,102374.58673792667,-2.179019543151451
56,2021-03-02T00:00:00+00:00,128217.75351060752,99375.51788702082,-2.2291180620854587
57,2021-03-03T00:00:00+00:00,129483.96316140126,98046.55610428043,-2.5733039532653077
58,2021-03-04T00:00:00+00:00,128765.42734269646,90611.34070120107,-3.143181568485831
59,2021-03-05T00:00:00+00:00,123834.31894726556,85587.11165318052,-3.537862389331991
60,2021-03-06T00:00:00+00:00,122410.09039908393,84513.09546220045,-3.475897089956104
61,2021-03-07T00:00:00+00:00,122902.9371846834,78948.86617087731,-4.01692399866508
62,2021-03-08T00:00:00+00:00,108026.4127000265,81160.5039333135,-3.0396746508136316
63,2021-03-09T00:00:00+00:00,108082.47922800653,81539.06578937004,-2.701420190909779
64,2021-03-10T00:00:00+00:00,108110.06292518385,77200.0764331688,-2.748312757676082
65,2021-03-11T00:00:00+00:00,109404.48169244545,81288.23136927123,-3.0639461900465106
66,2021-03-12T00:00:00+00:00,109566.34907801556,83276.13225837323,-2.535069375173775
67,2021-03-13T00:00:00+00:00,109654.76474264986,86222.68923823682,-2.30449228703199
68,2021-03-14T00:00:00+00:00,110435.65063009512,85602.16986283753,-2.481261459924453
69,2021-03-15T00:00:00+00:00,111843.31222164727,87357.12210689762,-2.347876768177261
70,2021-03-16T00:00:00+00:00,111873.37174721436,87683.87343805001,-2.3641395847789335
71,2021-03-17T00:00:00+00:00,113748.73530763549,86737.24938688264,-2.559535922792553
72,2021-03-18T00:00:00+00:00,113841.31800317673,86403.99391734021,-2.6475067434869857
73,2021-03-19T00:00:00+00:00,113723.65066993887,86606.75658516004,-2.6716370864135484
74,2021-03-20T00:00:00+00:00,113972.54934500445,88050.10424484126,-2.531001194335261
75,2021-03-21T00:00:00+00:00,113436.30409727151,87341.4918794257,-2.342008443926836
76,2021-03-22T00:00:00+00:00,113326.71369245739,77413.42291229175,-3.3261719643518055
77,2021-03-23T00:00:00+00:00,113258.2923639692,78698.94255333839,-3.60967388561292
78,2021-03-24T00:00:00+00:00,111540.01548471776,75983.48957850641,-4.235958027369934
79,2021-03-25T00:00:00+00:00,110935.80543728512,77549.94643325704,-3.5889492247347214
80,2021-03-26T00:00:00+00:00,111092.16121381917,81802.4168813724,-3.301253909621031
81,2021-03-27T00:00:00+00:00,110927.1967469915,81693.56210984259,-2.8982667683244125
82,2021-03-28T00:00:00+00:00,112505.54504452502,86516.84006984647,-2.974285808333424
83,2021-03-29T00:00:00+00:00,113007.70916115028,93150.03496320499,-2.3890228565210565
84,2021-03-30T00:00:00+00:00,114445.88528891887,92471.20073901779,-1.9207148570858361
85,2021-03-31T00:00:00+00:00,114683.24077739828,96854.94613295513,-1.802049368498277
86,2021-04-01T00:00:00+00:00,116946.32686531042,101378.63878014791,-1.4899249886619712
87,2021-04-02T00:00:00+00:00,117354.07745530608,99321.91861506125,-1.6392760074375476
88,2021-04-03T00:00:00+00:00,117416.8078046959,104296.24649151592,-1.3330057664417594
89,2021-04-04T00:00:00+00:00,117888.65038157297,108623.96149556545,-1.0843125022624478
90,2021-04-05T00:00:00+00:00,120698.91787022122,117689.16729463471,0.11043458841805842
91,2021-04-06T00:00:00+00:00,121245.02410851029,117821.347079873,-0.3704132883451245
92,2021-04-07T00:00:00+00:00,133284.46953946332,119669.29385040754,-0.5059793064037665
93,2021-04-08T00:00:00+00:00,133370.48652526387,120922.113598455,-0.9884606143436181
94,2021-04-09T00:00:00+00:00,133463.0415039151,130775.21022058875,-0.6483187603209819
95,2021-04-10T00:00:00+00:00,155770.10024821697,148260.0504241934,0.6337559636107785
96,2021-04-11T00:00:00+00:00,156105.62212316442,148718.03845292956,-0.5243745247477375
97,2021-04-12T00:00:00+00:00,172534.97140878308,174198.0790465208,0.6946177105155438
98,2021-04-13T00:00:00+00:00,178326.11961105157,177187.75248443402,0.16683777864418914
99,2021-04-14T00:00:00+00:00,178556.2667647215,173410.67940907722,-0.34593151230705455
100,2021-04-15T00:00:00+00:00,178649.1331745985,162528.20380723182,-0.742503947999874
101,2021-04-16T00:00:00+00:00,178674.14388040916,161147.14320719594,-0.963782359653981
102,2021-04-17T00:00:00+00:00,178694.94749378812,161337.20244990074,-1.0136824818850663
103,2021-04-18T00:00:00+00:00,178807.79981408225,163535.338561822,-0.933661461327101
104,2021-04-19T00:00:00+00:00,178839.47909827452,163221.22695337684,-0.9058318988265567
105,2021-04-20T00:00:00+00:00,178649.2034108593,160992.93101776775,-1.0257265600235443
106,2021-04-21T00:00:00+00:00,179280.13219549003,176807.2497337979,-0.9266650380572571
107,2021-04-22T00:00:00+00:00,180171.31377491332,169043.89677040672,-0.6616364137760943
108,2021-04-23T00:00:00+00:00,180263.08137408242,161647.19899689782,-1.0752506759328433
109,2021-04-24T00:00:00+00:00,180329.3906466894,161933.75191685604,-1.0683073989410992
110,2021-04-25T00:00:00+00:00,180169.84721024934,163727.75403317783,-0.9634315935114205
111,2021-04-26T00:00:00+00:00,180279.53426426658,161793.2038393924,-0.9701331175323428
112,2021-04-27T00:00:00+00:00,180295.91618680852,161063.68875738373,-1.0990827439474262
113,2021-04-28T00:00:00+00:00,182398.12839239824,161630.2081566423,-1.1560248108036821
114,2021-04-29T00:00:00+00:00,182790.98108921744,171010.2920406896,-0.9113539638666943
115,2021-04-30T00:00:00+00:00,182564.14054645214,180465.45432686078,-0.4338371322848938
116,2021-05-01T00:00:00+00:00,183023.49120305566,182388.5646065376,-0.20861072655719504
117,2021-05-02T00:00:00+00:00,183323.244488563,173515.290935228,-0.2749824852727988
118,2021-05-03T00:00:00+00:00,183485.19283331456,177541.941893406,-0.36156458533989627
119,2021-05-04T00:00:00+00:00,184138.5514679371,180588.7805388933,-0.3729398954878724
120,2021-05-05T00:00:00+00:00,196237.600049045,199957.80672836438,-0.031421283068544185
121,2021-05-06T00:00:00+00:00,198042.43398324144,201550.7483283629,0.02104252670203233
122,2021-05-07T00:00:00+00:00,252386.2661225044,255713.12976526908,0.46863829574963217
123,2021-05-08T00:00:00+00:00,270322.53145252547,274204.9870088234,0.022710577297932442
124,2021-05-09T00:00:00+00:00,276117.29373809154,276948.2831339414,-0.06634612686457962
125,2021-05-10T00:00:00+00:00,277539.11284106603,275045.0967649183,-0.026115245157555072
126,2021-05-11T00:00:00+00:00,277615.7366871449,276003.6273962212,-0.23495786617030812
127,2021-05-12T00:00:00+00:00,263588.2168527917,265540.7796099684,-0.07903352483001667
128,2021-05-13T00:00:00+00:00,279223.72338222346,282623.50094164757,-0.19470934051759164
129,2021-05-14T00:00:00+00:00,280800.2352954023,286123.8775443845,-0.01470929792329953
130,2021-05-15T00:00:00+00:00,282080.2380560993,287054.0217773715,0.045418377066755916
131,2021-05-16T00:00:00+00:00,282830.7450915001,278043.4605458333,-0.05390917536492724
132,2021-05-17T00:00:00+00:00,284016.110638075,283742.9251458911,-0.01946982895000837
133,2021-05-18T00:00:00+00:00,286380.3696767692,285540.8480817268,-0.04699299615958709
134,2021-05-19T00:00:00+00:00,286614.5631559345,266250.60704500414,-0.18499765669836554
135,2021-05-20T00:00:00+00:00,287136.6509848718,269438.86248566874,-0.1855041054044952
136,2021-05-21T00:00:00+00:00,288207.100383444,284480.0141077711,-0.15893542462516275
137,2021-05-22T00:00:00+00:00,339220.6632445292,333137.2230540321,-0.04667795208155464
138,2021-05-23T00:00:00+00:00,339306.9575073224,261506.00394006894,-0.1610455713379398
139,2021-05-24T00:00:00+00:00,339287.8028337997,266034.3888372734,-0.5184159478840513
140,2021-05-25T00:00:00+00:00,340921.1467979709,273789.1496738082,-0.46681930098225594
141,2021-05-26T00:00:00+00:00,341427.90769352176,299834.8759498838,-0.38220275329254194
142,2021-05-27T00:00:00+00:00,341673.1102375657,301572.9379381624,-0.27471193079957473
143,2021-05-28T00:00:00+00:00,335831.2380868146,295452.81688563473,-0.2828283757658897
144,2021-05-29T00:00:00+00:00,342803.8956138379,287331.3411195402,-0.35564250738339354
145,2021-05-30T00:00:00+00:00,342964.9986916218,288070.01645323634,-0.3502243654684465
146,2021-05-31T00:00:00+00:00,343450.1068767119,316815.05575209355,-0.20553903010632563
147,2021-06-01T00:00:00+00:00,344736.6485985244,316899.08839837555,-0.13476148789942702
148,2021-06-02T00:00:00+00:00,344108.4662752127,325404.04584034486,-0.14888970400274373
149,2021-06-03T00:00:00+00:00,345098.5754795292,328753.7119640262,-0.10117915480239557
150,2021-06-04T00:00:00+00:00,345190.8034567691,330800.52332963,-0.09232954993259461
151,2021-06-05T00:00:00+00:00,345542.6497572422,332250.6176432102,-0.12090362898835913
152,2021-06-06T00:00:00+00:00,345178.0583508461,336462.93240088463,-0.060211224219229836
153,2021-06-07T00:00:00+00:00,345823.17557760805,344432.1877735475,-0.04741842603270947
154,2021-06-08T00:00:00+00:00,346917.70565735083,344810.0510626851,-0.03975407915226808
155,2021-06-09T00:00:00+00:00,351327.0833958718,363212.43679981836,0.007121331417839725
156,2021-06-10T00:00:00+00:00,353914.5653047702,362850.74434430106,0.027949990199713337
157,2021-06-11T00:00:00+00:00,366748.177236841,376916.50403665984,-1.5608851898426e-05
158,2021-06-12T00:00:00+00:00,374306.0692777951,380539.7955702624,0.017242819986158432
159,2021-06-13T00:00:00+00:00,374987.9972563824,381601.17736569233,-0.022539733270877955
160,2021-06-14T00:00:00+00:00,378276.3769484442,381423.26308901445,-0.04202252042091322
161,2021-06-15T00:00:00+00:00,378139.6839889202,355761.18214320263,-0.05928613760248153
162,2021-06-16T00:00:00+00:00,393300.79631652683,381694.88242412655,-0.07344162080302973
163,2021-06-17T00:00:00+00:00,388006.0232146256,375889.229656269,-0.09239735403476593
164,2021-06-18T00:00:00+00:00,388603.0970249875,391385.2313908839,-0.06419152388654628
165,2021-06-19T00:00:00+00:00,389639.29845756426,398806.88070115156,-0.024330738222829718
166,2021-06-20T00:00:00+00:00,392711.4183583174,396322.31926770404,-0.03648823251114633
167,2021-06-21T00:00:00+00:00,393756.5962272589,396145.1114834702,-0.047173970711426566
168,2021-06-22T00:00:00+00:00,403276.42952814087,378330.04872505483,-0.13547816856065967
169,2021-06-23T00:00:00+00:00,402418.64901302324,390109.1761273597,-0.09363499823373987
170,2021-06-24T00:00:00+00:00,401486.3921585411,401219.335761859,-0.00698808966539994
171,2021-06-25T00:00:00+00:00,402594.254234177,399836.8621791719,-0.04847164966775582
172,2021-06-26T00:00:00+00:00,403224.7254603128,400652.46932061925,-0.08118294286170956
173,2021-06-27T00:00:00+00:00,402168.30818885675,382827.29125836684,-0.059382017040159454
174,2021-06-28T00:00:00+00:00,400656.0346980294,400415.9811308008,-0.1728192346878642
175,2021-06-29T00:00:00+00:00,414049.4543687851,413137.19486634934,-0.056053702466404946
176,2021-06-30T00:00:00+00:00,414313.8580703978,424754.3973424555,-0.04378633621068911
177,2021-07-01T00:00:00+00:00,439557.10773030936,449879.21862155193,0.09063376824645143
178,2021-07-02T00:00:00+00:00,440722.97702948673,454406.1220036917,-0.011174158668460166
179,2021-07-03T00:00:00+00:00,443490.176340503,455643.5648257995,0.001597008387660855
180,2021-07-04T00:00:00+00:00,442690.50784492947,455573.0679288699,0.007765069053041119
181,2021-07-05T00:00:00+00:00,443496.7389973581,454493.3965262573,-0.012030066619587458
182,2021-07-06T00:00:00+00:00,443625.1497479068,454469.36423609423,0.009849746281738984
183,2021-07-07T00:00:00+00:00,443875.7577351542,449119.70234364714,-0.02959312793493801
184,2021-07-08T00:00:00+00:00,449504.88478485675,448298.6152630561,-0.06179266132573475
185,2021-07-09T00:00:00+00:00,455436.2846256913,448782.7959910021,-0.07171612432969932
186,2021-07-10T00:00:00+00:00,456204.4088169691,448995.1171765,-0.0791121559708152
187,2021-07-11T00:00:00+00:00,464324.8588754592,442247.5296467353,-0.12677603470721918
188,2021-07-12T00:00:00+00:00,464874.9217239257,448920.24102246953,-0.11915323507275931
189,2021-07-13T00:00:00+00:00,465125.27733759466,448632.089841741,-0.09103909750680615
190,2021-07-14T00:00:00+00:00,466469.6210906089,450295.06644902984,-0.12839017489763518
191,2021-07-15T00:00:00+00:00,467665.8486579114,449850.5325858013,-0.1060646607065392
192,2021-07-16T00:00:00+00:00,469550.9536960649,458586.2896995107,-0.06440030992601456
193,2021-07-17T00:00:00+00:00,469954.9980549262,458342.39583533834,-0.08985880073914632
194,2021-07-18T00:00:00+00:00,470009.99603638134,458290.84344919975,-0.08299114186215392
195,2021-07-19T00:00:00+00:00,472948.8918261074,457797.5657288704,-0.10408827348103901
196,2021-07-20T00:00:00+00:00,480878.623808699,476110.14973938995,-0.1648267602738672
197,2021-07-21T00:00:00+00:00,487916.9882978085,468641.5954105838,-0.11061376240706794
198,2021-07-22T00:00:00+00:00,489927.25016827346,477466.6905946497,-0.12509152292495218
199,2021-07-23T00:00:00+00:00,489667.02774520067,479310.72411137255,-0.05926401253902631
200,2021-07-24T00:00:00+00:00,487929.8343573915,483781.931177591,-0.03559890086763149
201,2021-07-25T00:00:00+00:00,488109.9650467951,486460.1741840749,-0.05643945623299482
202,2021-07-26T00:00:00+00:00,487434.3937517396,489562.5255654133,-0.004398037916464269
203,2021-07-27T00:00:00+00:00,500638.71843882074,490794.2890895444,-0.06540323517644953
204,2021-07-28T00:00:00+00:00,501017.279083775,495875.8120855123,-0.06649533358950432
205,2021-07-29T00:00:00+00:00,501470.7838585095,502523.8841307353,-0.059952902855950334
206,2021-07-30T00:00:00+00:00,501857.08765127574,503902.6914481039,-0.055587375397806976
207,2021-07-31T00:00:00+00:00,505083.2506373509,493837.1278648386,-0.08491052608006758
208,2021-08-01T00:00:00+00:00,507627.58180334955,500898.98280170694,-0.09228413840734534
209,2021-08-02T00:00:00+00:00,509125.0761882192,503034.7120924859,-0.060681158432085054
210,2021-08-03T00:00:00+00:00,533165.0207908794,440654.0796875428,-0.18144123802370943
211,2021-08-04T00:00:00+00:00,534600.5120711521,442953.53366946604,-0.4109002699899762
212,2021-08-05T00:00:00+00:00,496311.3686563467,423940.22041959205,-0.3544988610230673
213,2021-08-06T00:00:00+00:00,506440.4535528304,428858.3698311429,-0.30836053695916266
214,2021-08-07T00:00:00+00:00,497661.4965995489,449303.02234826237,-0.26629109845249954
215,2021-08-08T00:00:00+00:00,497291.15029918635,455762.9210812145,-0.1965174132430435
216,2021-08-09T00:00:00+00:00,498489.9903139864,460189.1114163047,-0.22293082740047598
217,2021-08-10T00:00:00+00:00,499913.0226546504,466530.42056535813,-0.16278252108615984
218,2021-08-11T00:00:00+00:00,496771.9239444163,472267.6314079673,-0.11926294488141884
219,2021-08-12T00:00:00+00:00,498310.8655526992,491543.4712096709,-0.07396787504522123
220,2021-08-13T00:00:00+00:00,524629.0912198045,515199.14369766996,-0.0693315139069503
221,2021-08-14T00:00:00+00:00,524526.809026076,524292.7768071298,-0.028410100574159155
222,2021-08-15T00:00:00+00:00,525614.9358189503,526203.4847537272,-0.057810171924011174
223,2021-08-16T00:00:00+00:00,517864.1793165739,520129.59055409394,-0.02681878786619247
224,2021-08-17T00:00:00+00:00,518550.2899121863,515306.2038434075,-0.06718181851676416
225,2021-08-18T00:00:00+00:00,515707.0218788389,504312.87557368726,-0.04231140347369946
226,2021-08-19T00:00:00+00:00,538811.5259437156,526667.8140939487,-0.07228955781416996
227,2021-08-20T00:00:00+00:00,541883.5087278697,556870.8805336134,-0.04713486777061721
228,2021-08-21T00:00:00+00:00,549369.4456901642,568665.324462498,0.032245836399859576
229,2021-08-22T00:00:00+00:00,557341.1217675894,569986.845058447,-0.014424503478208358
230,2021-08-23T00:00:00+00:00,583543.010549457,580249.2068632459,-0.06768336262397384
231,2021-08-24T00:00:00+00:00,589949.0640597185,580332.1064892142,-0.0959136109697078
232,2021-08-25T00:00:00+00:00,600017.8249232592,571212.5929317294,-0.13230574921319627
233,2021-08-26T00:00:00+00:00,599123.6125593788,567609.5388052646,-0.17025125205788802
234,2021-08-27T00:00:00+00:00,629680.6249816823,570818.6962189785,-0.28664011626793245
235,2021-08-28T00:00:00+00:00,696595.1704843028,571814.7000458098,-0.3010784480435032
236,2021-08-29T00:00:00+00:00,701975.2880023904,571150.1059917717,-0.4433453772976758
237,2021-08-30T00:00:00+00:00,689733.097401276,578070.2692299018,-0.35841377229971
238,2021-08-31T00:00:00+00:00,700754.366190906,583050.1911351648,-0.4075850413159221
239,2021-09-01T00:00:00+00:00,708294.7663697448,568979.9159237641,-0.4740058257724626
240,2021-09-02T00:00:00+00:00,711290.9894212807,576681.870602937,-0.47516391019621745
241,2021-09-03T00:00:00+00:00,712870.5956275145,578764.6874950085,-0.4739316410913298
242,2021-09-04T00:00:00+00:00,713127.5680417656,578816.3001467488,-0.44747226344966434
243,2021-09-05T00:00:00+00:00,713401.3718876443,580681.9246748302,-0.4550310801248412
244,2021-09-06T00:00:00+00:00,715282.6202430711,551747.4173836865,-0.558825515446065
245,2021-09-07T00:00:00+00:00,716867.763281101,525747.7244108059,-0.6749906705991078
246,2021-09-08T00:00:00+00:00,728409.2255019007,528935.9271665339,-0.7077246324362095
247,2021-09-09T00:00:00+00:00,714054.0177007198,395588.0223895264,-1.22988448178709
248,2021-09-10T00:00:00+00:00,714812.9272319337,379194.3759085418,-1.4375736260703142
249,2021-09-11T00:00:00+00:00,725801.5868912886,331527.82054413634,-1.7552976504973274
250,2021-09-12T00:00:00+00:00,723930.3455073237,381632.9182751775,-1.8307308792818462
251,2021-09-13T00:00:00+00:00,716119.3389106309,379115.69274814025,-1.4934770128639703
252,2021-09-14T00:00:00+00:00,712212.764550932,381218.59959284903,-1.481368534503785
253,2021-09-15T00:00:00+00:00,715213.9581615821,463782.36810928554,-1.1177704280855838
254,2021-09-16T00:00:00+00:00,707279.9360540205,482874.83548043965,-0.8749976886012215
255,2021-09-17T00:00:00+00:00,710831.6998073672,483212.96602789767,-0.8559011784375655
256,2021-09-18T00:00:00+00:00,713095.784167887,483494.5053432642,-0.8546480428162084
257,2021-09-19T00:00:00+00:00,713497.8790190824,484602.8134141593,-0.8544338725378956
258,2021-09-20T00:00:00+00:00,707342.144753647,490937.1045370839,-0.7782897413339261
259,2021-09-21T00:00:00+00:00,708914.2418345584,491475.43152053177,-0.8193852645194297
260,2021-09-22T00:00:00+00:00,709074.986280643,494923.68343153165,-0.7869569583204697
261,2021-09-23T00:00:00+00:00,707717.5416118887,521708.7606115462,-0.7100796775467182
262,2021-09-24T00:00:00+00:00,707922.7456306363,521312.43225795426,-0.6688625861074404
263,2021-09-25T00:00:00+00:00,706407.4396417735,526230.1276371484,-0.6252937148244886
264,2021-09-26T00:00:00+00:00,705954.8972362557,530165.970652696,-0.6111600601203047
265,2021-09-27T00:00:00+00:00,705825.8789231837,545552.7034317587,-0.5912503181513724
266,2021-09-28T00:00:00+00:00,705711.2918817766,548255.0465144704,-0.5380622989591402
267,2021-09-29T00:00:00+00:00,706463.4675751679,548391.1281701438,-0.5554926352992788
268,2021-09-30T00:00:00+00:00,707827.9286527374,551055.7179306677,-0.5541956021578683
269,2021-10-01T00:00:00+00:00,706071.3217439752,557309.8100915989,-0.5096962126300164
270,2021-10-02T00:00:00+00:00,700496.5831867747,564229.5841191337,-0.4596245954451625
271,2021-10-03T00:00:00+00:00,700427.8412591045,568392.3502642737,-0.4590578469210651
272,2021-10-04T00:00:00+00:00,706407.4489102832,569094.2444953782,-0.48192983154155555
273,2021-10-05T00:00:00+00:00,710865.0202399344,567826.6259191254,-0.5126111710992829
274,2021-10-06T00:00:00+00:00,707947.7676448819,550872.9626771072,-0.5415157841945596
275,2021-10-07T00:00:00+00:00,716938.8710401022,545599.8172564908,-0.5966761289496282
276,2021-10-08T00:00:00+00:00,722559.5853429419,547236.9680781335,-0.6540719518474928
277,2021-10-09T00:00:00+00:00,719385.8047670565,536322.1476050812,-0.5845379259226442
278,2021-10-10T00:00:00+00:00,720960.9382556276,538145.6777437878,-0.6477990027171192
279,2021-10-11T00:00:00+00:00,722646.7425184333,534744.6645194063,-0.6699501993884814
280,2021-10-12T00:00:00+00:00,723646.1559606894,531660.95710217,-0.6848301919066755
281,2021-10-13T00:00:00+00:00,722848.244688915,530787.4910156454,-0.6575301541880532
282,2021-10-14T00:00:00+00:00,724552.2034412139,530136.4277720908,-0.6846117920184865
283,2021-10-15T00:00:00+00:00,724247.1440636094,534352.4168087537,-0.6906677121324689
284,2021-10-16T00:00:00+00:00,725840.4405255299,527222.0836623381,-0.713274575107314
285,2021-10-17T00:00:00+00:00,730063.9902739879,524912.8588894166,-0.7336717926952572
286,2021-10-18T00:00:00+00:00,728893.0032903365,523702.42081906565,-0.6947231190491578
287,2021-10-19T00:00:00+00:00,717510.0148622474,529924.1852762745,-0.6681500287798383
288,2021-10-20T00:00:00+00:00,713896.9319645367,533322.2018678385,-0.633766699745013
289,2021-10-21T00:00:00+00:00,711250.6860100153,534923.8730792111,-0.6107728968392012
290,2021-10-22T00:00:00+00:00,718127.8620531741,529343.7876545637,-0.6465667049288395
291,2021-10-23T00:00:00+00:00,718443.7392311607,528461.8399531749,-0.6882181522871561
292,2021-10-24T00:00:00+00:00,720591.7442580513,532974.6250554114,-0.635969864736101
293,2021-10-25T00:00:00+00:00,722993.8328450543,535290.7325251397,-0.6673249404448999
294,2021-10-26T00:00:00+00:00,721890.3077131388,539652.9063482127,-0.6241662407949431
295,2021-10-27T00:00:00+00:00,723012.1419084426,540465.3924113277,-0.6166837648553036
296,2021-10-28T00:00:00+00:00,723553.6091293612,541043.8082580217,-0.6153467444405432
297,2021-10-29T00:00:00+00:00,724837.9650828475,539622.1651249412,-0.6487717244963985
298,2021-10-30T00:00:00+00:00,728428.804664433,540436.7256312757,-0.6926706914709033
299,2021-10-31T00:00:00+00:00,724840.7364008564,539232.1039283654,-0.637460765129447
300,2021-11-01T00:00:00+00:00,724681.9422952882,547766.0963449182,-0.6330498706690011
301,2021-11-02T00:00:00+00:00,724294.9212015435,547355.9456971871,-0.6496129600567349
302,2021-11-03T00:00:00+00:00,725482.648979713,546606.142165954,-0.6420218058423186
303,2021-11-04T00:00:00+00:00,721593.7514409,534706.7779189345,-0.635499063201383
304,2021-11-05T00:00:00+00:00,721986.6342152433,535165.1458184905,-0.6642885912502752
305,2021-11-06T00:00:00+00:00,721637.7571993954,532254.4166349118,-0.6549586230720522
306,2021-11-07T00:00:00+00:00,722264.5009735982,531790.7430859039,-0.6851193227389225
307,2021-11-08T00:00:00+00:00,724012.5178717577,530296.7937927125,-0.7108204972072425
308,2021-11-09T00:00:00+00:00,725279.1407805015,534086.7964732434,-0.6992615974707841
309,2021-11-10T00:00:00+00:00,731368.3679464756,512557.04677308234,-0.7779219541176455
310,2021-11-11T00:00:00+00:00,729111.4189936259,534951.7573692765,-0.661436562021541
311,2021-11-12T00:00:00+00:00,730028.0047500386,533408.1007431179,-0.7074072377576859
312,2021-11-13T00:00:00+00:00,730224.0204641481,532850.9590674638,-0.6981431711713972
313,2021-11-14T00:00:00+00:00,730814.6574266551,531841.230152746,-0.7204920062494616
314,2021-11-15T00:00:00+00:00,728674.1143000695,536689.7830148559,-0.6691650617276327
315,2021-11-16T00:00:00+00:00,729700.7875339919,537051.8650252166,-0.6949533388727416
316,2021-11-17T00:00:00+00:00,730660.4458987025,528604.9738771154,-0.710645567058994
317,2021-11-18T00:00:00+00:00,729998.8495556382,528759.1598105693,-0.7000442252708104
318,2021-11-19T00:00:00+00:00,685907.4418385244,517622.86810864287,-0.6702735765697588
319,2021-11-20T00:00:00+00:00,686028.1635804533,520434.8239531108,-0.6139255236475618
320,2021-11-21T00:00:00+00:00,648637.1336650612,495761.99499336985,-0.5891165573720627
321,2021-11-22T00:00:00+00:00,648219.5993146104,494853.91352070484,-0.5968001152828354
322,2021-11-23T00:00:00+00:00,647346.1777067907,488545.433968528,-0.6242821514989572
323,2021-11-24T00:00:00+00:00,649805.343220571,485382.7263394771,-0.6819531992680723
324,2021-11-25T00:00:00+00:00,649769.1462696766,484915.5741832027,-0.6393768669385461
325,2021-11-26T00:00:00+00:00,650708.5683661497,491641.02471248107,-0.6756336925133589
326,2021-11-27T00:00:00+00:00,650992.4082781876,479107.9334282431,-0.6622858704877798
327,2021-11-28T00:00:00+00:00,652103.1498678358,477740.7991587122,-0.6888178254734981
328,2021-11-29T00:00:00+00:00,653754.6461165153,489417.0132344805,-0.7053904236794655
329,2021-11-30T00:00:00+00:00,656189.4875984514,493188.26861366985,-0.6670146158096719
330,2021-12-01T00:00:00+00:00,655459.1100405661,493284.7883524241,-0.6409623739088954
331,2021-12-02T00:00:00+00:00,655617.3514014647,496965.9250078795,-0.6391833966935117
332,2021-12-03T00:00:00+00:00,657297.5702599634,497120.9022778365,-0.6551616608707898
333,2021-12-04T00:00:00+00:00,658528.365358462,494938.25407354994,-0.6617860354861806
334,2021-12-05T00:00:00+00:00,659134.1832510974,499278.1807028483,-0.6464645998440461
335,2021-12-06T00:00:00+00:00,660307.0072482151,484200.08117856743,-0.700136998193557
336,2021-12-07T00:00:00+00:00,660115.135888646,483994.6281470312,-0.6923154338586004
337,2021-12-08T00:00:00+00:00,659232.0338823288,484537.2829503895,-0.721699977002658
338,2021-12-09T00:00:00+00:00,659830.6913998824,483620.4549772564,-0.7073923416370803
339,2021-12-10T00:00:00+00:00,659303.291995096,483232.59254228935,-0.689603937009777
340,2021-12-11T00:00:00+00:00,660858.9178764458,480447.908394751,-0.7418156551653542
341,2021-12-12T00:00:00+00:00,661730.2246016943,485497.1632397309,-0.7378111391670815
342,2021-12-13T00:00:00+00:00,662381.8036997069,485287.3797374832,-0.7083633565295113
343,2021-12-14T00:00:00+00:00,662346.9289851361,485462.5473603644,-0.7017842708728699
344,2021-12-15T00:00:00+00:00,662196.4771423413,487202.5290355479,-0.6917354462378069
345,2021-12-16T00:00:00+00:00,660527.5368576411,487709.33976678,-0.670731340287636
346,2021-12-17T00:00:00+00:00,659480.2535604396,490621.2406379289,-0.6571427058818904
347,2021-12-18T00:00:00+00:00,659138.7609393164,491781.6538793981,-0.6617173486770846
348,2021-12-19T00:00:00+00:00,616177.804733641,492122.6009324209,-0.5864636653036672
349,2021-12-20T00:00:00+00:00,615567.2812668319,494271.3956395378,-0.5024246147220363
350,2021-12-21T00:00:00+00:00,619636.9647165698,489543.73581282905,-0.5411070952609919
351,2021-12-22T00:00:00+00:00,620388.2561948819,488990.83940513816,-0.5638061343508941
352,2021-12-23T00:00:00+00:00,620090.8313517357,488629.60460405884,-0.5496789206745218
353,2021-12-24T00:00:00+00:00,620252.9231968417,483009.99253258144,-0.5793965732518291
354,2021-12-25T00:00:00+00:00,617754.4294210391,483549.9039535416,-0.5573334846041581
355,2021-12-26T00:00:00+00:00,618664.8362291498,483211.3883229171,-0.5955464600682336
356,2021-12-27T00:00:00+00:00,619180.2278504511,478969.01579291956,-0.5992544545869154
357,2021-12-28T00:00:00+00:00,620332.0099866681,480657.83231188625,-0.5743338616515773
358,2021-12-29T00:00:00+00:00,597110.4910077726,498835.52229429194,-0.4959156679133687
359,2021-12-30T00:00:00+00:00,600217.2678059487,497404.375526939,-0.4509647179044223
360,2021-12-31T00:00:00+00:00,601855.5011711564,498008.1652800477,-0.4416806892958331
361,2022-01-01T00:00:00+00:00,602259.0104983303,528744.632773612,-0.4560537409810616
362,2022-01-02T00:00:00+00:00,601433.1615055971,548331.7712114154,-0.28693207226872036
363,2022-01-03T00:00:00+00:00,602348.5839518366,548599.1320617967,-0.2839256170265624
364,2022-01-04T00:00:00+00:00,602539.8037651748,548293.1264404362,-0.2682973235740328
365,2022-01-05T00:00:00+00:00,603157.2030177715,549706.0385015174,-0.2510853288637933
366,2022-01-06T00:00:00+00:00,609126.6664843878,540988.0867717784,-0.31998480078575814
367,2022-01-07T00:00:00+00:00,593087.3252981751,558243.8763237222,-0.2703261861117823
368,2022-01-08T00:00:00+00:00,590812.1042475137,563716.9124271754,-0.15611585183919738
369,2022-01-09T00:00:00+00:00,606795.8872630987,598915.9338198338,-0.12980160370009425
370,2022-01-10T00:00:00+00:00,613492.295343428,608258.7896736762,-0.08381991587284467
371,2022-01-11T00:00:00+00:00,613644.7744890021,608947.903556171,-0.08960598739942649
372,2022-01-12T00:00:00+00:00,613920.0817388063,603632.3250519797,-0.10749319346432475
373,2022-01-13T00:00:00+00:00,611176.2043090767,616738.0871113676,-0.06909290095010395
374,2022-01-14T00:00:00+00:00,612838.06207673,614923.17697217,-0.09404981891624317
375,2022-01-15T00:00:00+00:00,610423.7245438538,609453.0852854927,-0.09459718117703272
376,2022-01-16T00:00:00+00:00,605535.0396692493,615439.8000421101,-0.028937523387237093
377,2022-01-17T00:00:00+00:00,610611.6365318897,613680.1474553323,-0.08536040455879057
378,2022-01-18T00:00:00+00:00,611219.9040790562,613888.6000625734,-0.09158645201608215
379,2022-01-19T00:00:00+00:00,611395.6818834083,610011.7631563549,-0.10199319906961818
380,2022-01-20T00:00:00+00:00,590848.2987085127,594010.2796780512,-0.06261785495473428
381,2022-01-21T00:00:00+00:00,592012.5469709577,584391.1840401432,-0.07067248819175528
382,2022-01-22T00:00:00+00:00,566342.8913973316,585866.1705058207,0.01299110209381695
383,2022-01-23T00:00:00+00:00,560864.6437006454,582978.186650289,0.006582834689357078
384,2022-01-24T00:00:00+00:00,560076.3552709894,574295.646993685,-0.06546263868963119
385,2022-01-25T00:00:00+00:00,567422.6004198384,586795.9103625845,-0.0711472931503624
386,2022-01-26T00:00:00+00:00,569333.680018481,586304.6779175644,-0.07380000592591558
387,2022-01-27T00:00:00+00:00,567533.8977653057,587139.9277660187,-0.033144492539572516
388,2022-01-28T00:00:00+00:00,569254.6871255414,586157.3831898167,-0.08204157779336504
389,2022-01-29T00:00:00+00:00,609349.564455424,554160.3000799855,-0.27059343255740553
390,2022-01-30T00:00:00+00:00,611080.6733062726,553424.8931730451,-0.3377413969482593
391,2022-01-31T00:00:00+00:00,584807.0063489513,586305.1017087183,-0.17936363467794844
392,2022-02-01T00:00:00+00:00,601206.6143427101,613521.324834728,-0.07378786421177773
393,2022-02-02T00:00:00+00:00,597972.5363516976,612930.3271567358,-0.055965230659471156
394,2022-02-03T00:00:00+00:00,597425.8747364716,612690.6451196647,-0.10236567210084299
395,2022-02-04T00:00:00+00:00,605185.989002226,614230.5988244918,-0.12114060496536277
396,2022-02-05T00:00:00+00:00,600665.5474264561,617490.2606887057,-0.04776996332898647
397,2022-02-06T00:00:00+00:00,599424.9399335327,620825.1936682437,-0.044950898700508043
398,2022-02-07T00:00:00+00:00,595670.279735262,618079.7176135994,-0.07907340173436443
399,2022-02-08T00:00:00+00:00,596958.7824562987,617398.7345760616,-0.09328869688940664
400,2022-02-09T00:00:00+00:00,598371.722882969,619501.9490049399,-0.08546108606364083
401,2022-02-10T00:00:00+00:00,598463.4669783034,608309.8373690465,-0.06679072062537803
402,2022-02-11T00:00:00+00:00,600764.4927479026,605593.5159996611,-0.1378421807670175
403,2022-02-12T00:00:00+00:00,589588.5403341894,606333.0613322705,-0.09356479373235638
404,2022-02-13T00:00:00+00:00,580299.6060073294,613698.042981173,-0.013277645454837707
405,2022-02-14T00:00:00+00:00,580803.5550048838,612169.149640287,-0.0706042288599558
406,2022-02-15T00:00:00+00:00,583678.5764192587,615052.463216451,-0.06335295369891379
407,2022-02-16T00:00:00+00:00,583372.8435104468,616899.3433108553,-0.024586572939827234
408,2022-02-17T00:00:00+00:00,583806.4327533604,616730.9058822497,-0.04964565911666424
409,2022-02-18T00:00:00+00:00,585840.8853177973,612568.9091929158,-0.07363751919446834
410,2022-02-19T00:00:00+00:00,587542.9527689964,606776.7787614407,-0.09938464538061989
411,2022-02-20T00:00:00+00:00,584476.4020813277,613270.3895700026,-0.042318144476113685
412,2022-02-21T00:00:00+00:00,585718.2452786923,606430.5901029216,-0.07818800636465881
413,2022-02-22T00:00:00+00:00,580044.7575826234,609530.5144014097,-0.022920828389979612
414,2022-02-23T00:00:00+00:00,575025.5690227547,581618.2239581993,-0.07404902757905851
415,2022-02-24T00:00:00+00:00,574648.6001731441,586796.0992908962,-0.10360864775213895
416,2022-02-25T00:00:00+00:00,575221.6322372576,588307.9980733318,-0.09535778693112332
417,2022-02-26T00:00:00+00:00,575360.0362160866,617143.1127932152,-0.016516196744408632
418,2022-02-27T00:00:00+00:00,576369.2667599109,615731.2547318815,-0.03896632848564893
419,2022-02-28T00:00:00+00:00,576444.2600220687,613061.5847715634,-0.014840707256106768
420,2022-03-01T00:00:00+00:00,575366.6586590128,613292.7571228106,-0.033127642141971676
421,2022-03-02T00:00:00+00:00,575469.3077959032,613034.4357777601,-0.01169169343729373
422,2022-03-03T00:00:00+00:00,584314.1099632723,618309.2547671563,-0.04182070487095084
423,2022-03-04T00:00:00+00:00,584832.8233121631,619758.7694714275,-0.04307000293108487
424,2022-03-05T00:00:00+00:00,582875.4440287525,625190.1232921878,-0.016497698856076472
425,2022-03-06T00:00:00+00:00,585505.4041360583,630942.4372262412,-0.035952001952459366
426,2022-03-07T00:00:00+00:00,590594.1952312923,626417.1375604756,-0.042640871466987244
427,2022-03-08T00:00:00+00:00,584093.5161271949,632374.1647252741,0.036878365029230316
428,2022-03-09T00:00:00+00:00,594070.4532849321,638927.2771661045,-0.023348356860610556
429,2022-03-10T00:00:00+00:00,620494.2079078349,658240.6124016608,-0.02901278336493546
430,2022-03-11T00:00:00+00:00,623554.1913820013,654787.3839902601,-0.06232202279844284
431,2022-03-12T00:00:00+00:00,629074.9089978638,660737.7994844122,-0.03660450593835511
432,2022-03-13T00:00:00+00:00,629339.4689883173,662034.1361198466,-0.050090208086531994
433,2022-03-14T00:00:00+00:00,631040.480870327,664554.487918196,-0.061308330763215214
434,2022-03-15T00:00:00+00:00,641264.6739941791,669053.1515139145,-0.06400903540185084
435,2022-03-16T00:00:00+00:00,641164.0461832298,674462.9986017589,-0.024844606318564118
436,2022-03-17T00:00:00+00:00,653811.2947841253,683423.0267624063,-0.0704088258207168
437,2022-03-18T00:00:00+00:00,644733.0101535652,686270.5543729578,-0.03897600976916538
438,2022-03-19T00:00:00+00:00,645960.5031216613,685223.9050532703,-0.0408636655101537
439,2022-03-20T00:00:00+00:00,649205.3843903312,684167.8278855797,-0.05685472626847814
440,2022-03-21T00:00:00+00:00,653920.928544127,682664.7452553979,-0.05326341726529996
441,2022-03-22T00:00:00+00:00,693115.5896039169,724485.9492068443,-0.06503603174121045
442,2022-03-23T00:00:00+00:00,696810.3119551347,722029.8720929461,-0.07352450947694096
443,2022-03-24T00:00:00+00:00,697825.0576857748,721376.1666738855,-0.054156575850700675
444,2022-03-25T00:00:00+00:00,695717.8828437339,721512.2434279738,-0.03553800384156523
445,2022-03-26T00:00:00+00:00,695853.6373528076,721883.7167424848,-0.0563151884324847
446,2022-03-27T00:00:00+00:00,696237.388500661,724224.6861354257,-0.042809585389202175
447,2022-03-28T00:00:00+00:00,693648.1511043652,722566.1041314877,-0.02819378913376953
448,2022-03-29T00:00:00+00:00,689376.5466129613,732108.3864525812,0.00304963472545229
449,2022-03-30T00:00:00+00:00,718466.6363255482,775835.7322759264,0.027745417293689328
450,2022-03-31T00:00:00+00:00,746496.8200355142,802916.8736102402,0.02369856623003836
451,2022-04-01T00:00:00+00:00,749896.4261806883,805325.5629373592,0.015135586646200141
452,2022-04-02T00:00:00+00:00,758142.3839341186,804619.1403708854,0.004223529153236478
453,2022-04-03T00:00:00+00:00,763183.9792072895,806921.2105345833,-0.03285626920293357
454,2022-04-04T00:00:00+00:00,764238.887115765,809629.3356989009,-0.015579848374716975
455,2022-04-05T00:00:00+00:00,776395.2041756139,808796.253065775,-0.020086554557059984
456,2022-04-06T00:00:00+00:00,780411.0626659179,811242.0605301858,-0.06909513562599133
457,2022-04-07T00:00:00+00:00,784597.716309366,808059.3369266025,-0.05942977454066501
458,2022-04-08T00:00:00+00:00,779241.8321761475,813384.351525175,-0.024464858306790686
459,2022-04-09T00:00:00+00:00,778119.7561034327,812163.4571049836,-0.05540971201977474
460,2022-04-10T00:00:00+00:00,778978.536604236,811156.5874884786,-0.05932070031615141
461,2022-04-11T00:00:00+00:00,788797.2606648448,815616.4421962353,-0.08936446557841053
462,2022-04-12T00:00:00+00:00,786259.7286871022,816698.811788866,-0.027489871848999543
463,2022-04-13T00:00:00+00:00,786036.8007630532,815328.2174457723,-0.02422554453629297
464,2022-04-14T00:00:00+00:00,787326.8040897595,816742.3296378917,-0.03821474047949857
465,2022-04-15T00:00:00+00:00,760165.4598311841,819336.1331465599,0.12422155791988579
466,2022-04-16T00:00:00+00:00,780503.3466764652,802196.8721842961,-0.060354946704256285
467,2022-04-17T00:00:00+00:00,779384.2647297493,802589.7461683359,-0.0442463230203746
468,2022-04-18T00:00:00+00:00,777375.8357025832,806324.0633556807,-0.022221006192645103
469,2022-04-19T00:00:00+00:00,768197.0587523022,804530.5089147661,-0.0557426760879727
470,2022-04-20T00:00:00+00:00,769795.075671088,789083.7408413679,-0.06453102367524911
471,2022-04-21T00:00:00+00:00,762295.5348829367,791802.9618772961,-0.023206201055893123
472,2022-04-22T00:00:00+00:00,777027.6234277197,836861.2387877428,-0.006863345504564831
473,2022-04-23T00:00:00+00:00,780638.3206604888,823355.0574226285,-0.037320200374094246
474,2022-04-24T00:00:00+00:00,781603.7753540863,820558.1427013088,-0.04365926071963549
475,2022-04-25T00:00:00+00:00,786549.4131173608,813550.6845952594,-0.03066259768308503
476,2022-04-26T00:00:00+00:00,784697.8902323194,814983.0965199604,-0.02565228752347755
477,2022-04-27T00:00:00+00:00,793002.9317994951,843382.7709597788,0.00844074031570843
478,2022-04-28T00:00:00+00:00,785342.9808790368,845207.0204717454,0.06667091011003286
479,2022-04-29T00:00:00+00:00,797294.7259590595,830620.5669725093,-0.03691817404936852
480,2022-04-30T00:00:00+00:00,801270.5672486232,830335.2955753733,-0.01961006896345252
481,2022-05-01T00:00:00+00:00,782086.2594034006,810521.3025394969,-0.06496855596787453
482,2022-05-02T00:00:00+00:00,790583.6725436585,827607.0529595506,-0.035032015947751134
483,2022-05-03T00:00:00+00:00,793683.0019867225,826590.852466351,-0.06633845940229087
484,2022-05-04T00:00:00+00:00,798144.3638984807,823550.1476957917,-0.06590673649340632
485,2022-05-05T00:00:00+00:00,792756.5059558125,829072.6847458327,-0.018234804664829
486,2022-05-06T00:00:00+00:00,793271.2066276388,818998.3949922266,-0.03770322937690036
487,2022-05-07T00:00:00+00:00,810284.4990964823,782739.3187946595,-0.1552536335012132
488,2022-05-08T00:00:00+00:00,847025.0849420028,714253.4757421591,-0.4155164176510403
489,2022-05-09T00:00:00+00:00,932482.0513906633,709883.7524168881,-0.5591919653001256
490,2022-05-10T00:00:00+00:00,931756.6840300331,711151.1294343633,-0.6558248942979423
491,2022-05-11T00:00:00+00:00,877815.0787117155,682960.8157049884,-0.5173674586242302
492,2022-05-12T00:00:00+00:00,635706.747416478,307080.0876026372,-1.844187913169363
493,2022-05-13T00:00:00+00:00,585929.9956776034,267583.28398867836,-3.3477880238266415
494,2022-05-14T00:00:00+00:00,566694.9580725777,269874.8605822913,-2.2762286113483343
495,2022-05-15T00:00:00+00:00,530518.7777441023,301682.41872821836,-1.8074733704280532
496,2022-05-16T00:00:00+00:00,549557.6186197926,301752.5321328953,-1.6982135543845458
497,2022-05-17T00:00:00+00:00,544760.7287367613,308384.3288544218,-1.549977238331688
498,2022-05-18T00:00:00+00:00,542824.4969958812,297999.97633623076,-1.6197424051554206
499,2022-05-19T00:00:00+00:00,640809.1979622277,352319.04408129747,-1.666557365451272
500,2022-05-20T00:00:00+00:00,637793.3425085001,355145.67892508337,-1.5752622132266318
501,2022-05-21T00:00:00+00:00,693304.342272356,300833.24049449083,-2.4736266331819894
502,2022-05-22T00:00:00+00:00,684770.2062220608,309727.3423567441,-2.4053860441247097
503,2022-05-23T00:00:00+00:00,662640.2706025726,330565.7182444957,-2.1018018286700886
504,2022-05-24T00:00:00+00:00,669530.1519968288,325808.3165530196,-2.083215999859896
505,2022-05-25T00:00:00+00:00,668959.0745555655,320075.8156437704,-2.154744285291637
506,2022-05-26T00:00:00+00:00,662280.7978136147,324148.54837168794,-2.0718039848204333
507,2022-05-27T00:00:00+00:00,675915.2655971185,303342.90995931707,-2.288919652097501
508,2022-05-28T00:00:00+00:00,670656.238790343,318584.6858217526,-2.2222860260887667
509,2022-05-29T00:00:00+00:00,647358.3302198509,303846.97657172306,-2.193762045604527
510,2022-05-30T00:00:00+00:00,639838.1046658448,321846.0838987864,-1.9822487085780323
511,2022-05-31T00:00:00+00:00,638480.3341390841,323697.4552358409,-1.9266788935458186
512,2022-06-01T00:00:00+00:00,632333.5675433639,332289.4974578635,-1.8221132882945037
513,2022-06-02T00:00:00+00:00,648644.6835538482,316211.34678549593,-1.9789050734684974
514,2022-06-03T00:00:00+00:00,651601.7080935494,312858.43448386475,-2.1016665329398836
515,2022-06-04T00:00:00+00:00,651092.930861633,314972.70534625713,-2.089108786667087
516,2022-06-05T00:00:00+00:00,649953.8357779562,315986.88053247886,-2.0649160596556273
517,2022-06-06T00:00:00+00:00,550700.4138088458,269067.46930650645,-2.1056633817631423
518,2022-06-07T00:00:00+00:00,564355.1939983206,277844.3582899481,-2.0782908524795687
519,2022-06-08T00:00:00+00:00,601125.8911980874,273439.4671112309,-2.4418778702837756
520,2022-06-09T00:00:00+00:00,619042.1668773536,257240.74590703344,-2.6248845067210236
521,2022-06-10T00:00:00+00:00,496477.6730898044,154263.53387379472,-4.352161370157339
522,2022-06-11T00:00:00+00:00,466460.0275657456,176880.7506714291,-4.175345591034351
523,2022-06-12T00:00:00+00:00,473754.60377997754,174595.18149393037,-3.7734414918687533
524,2022-06-13T00:00:00+00:00,429646.37219936354,157146.3526318268,-5.30321842400068
525,2022-06-14T00:00:00+00:00,443754.2718495697,144440.24105073977,-5.239442421284978
526,2022-06-15T00:00:00+00:00,455344.03879071015,129781.6094508902,-5.584476722941275
527,2022-06-16T00:00:00+00:00,456670.66502437415,128105.96480376522,-6.1273450437994175
528,2022-06-17T00:00:00+00:00,460696.0043764668,130167.80622270059,-6.455340154557361
