,time,UST,USDC,USDT,FRAX,UST%,USDC%,USDT%,FRAX%,Ideal Balance,total
0,2022-06-12T13:00:00+00:00,138400.699588,441.495092,438.405834,487.85243788336345,0.9902141482216003,0.0031587606693478172,0.003136657984981242,0.003490433124070647,0.25,139768.45295188337
1,2022-06-12T04:00:00+00:00,162233.9401,399.273752,367.221269,389.2849518180194,0.992926238123776,0.0024436895529416133,0.0022475175845600337,0.0023825547387224025,0.25,163389.72007281802
2,2022-06-11T10:00:00+00:00,145732.827109,466.482763,438.134215,389.2849518180194,0.9911995462438915,0.003172775222910925,0.0029799630166860596,0.002647715516511561,0.25,147026.729038818
3,2022-06-09T00:00:00+00:00,138928.158953,466.482763,510.370337,389.2849518180194,0.9902623408008445,0.0033250301185370344,0.003637855193661028,0.0027747738869574328,0.25,140294.297004818
4,2022-06-08T04:00:00+00:00,126731.972376,466.482763,510.370337,528.9548765226116,0.9882576883943002,0.003637639092922928,0.003979875007170306,0.004124797505606594,0.25,128237.7803525226
5,2022-06-07T15:00:00+00:00,117853.794599,591.737259,510.370337,528.9548765226116,0.986349211837394,0.004952403789927883,0.004271422751876388,0.0044269616208017365,0.25,119484.85707152261
6,2022-06-05T09:00:00+00:00,118341.535458,583.718848,510.370337,528.9548765226116,0.9864706393501885,0.004865759962964799,0.004254341898618034,0.004409258788228665,0.25,119964.57951952261
7,2022-06-05T01:00:00+00:00,112660.788735,583.718848,510.370337,627.851601802874,0.9849457973769139,0.0051032078919635805,0.004461952771486508,0.005489041959636023,0.25,114382.72952180287
8,2022-06-03T06:00:00+00:00,106147.263166,583.718848,632.988526,627.851601802874,0.9829194568697914,0.005405213435824105,0.005861448704595703,0.005813880989788736,0.25,107991.82214180287
9,2022-06-03T02:00:00+00:00,113748.341471,583.718848,632.988526,488.36175850558806,0.9852315395137073,0.005055882238114464,0.005482631675332943,0.004229946572845199,0.25,115453.41060350559
10,2022-06-03T00:00:00+00:00,113748.341471,558.549744,661.992718,488.36175850558806,0.9851988135498081,0.004837719284352317,0.00573366109710258,0.00422980606873699,0.25,115457.24569150558
11,2022-06-02T16:00:00+00:00,112543.693771,558.549744,686.509157,488.36175850558806,0.9848314278134865,0.004887678051581065,0.006007407173528881,0.004273486961403558,0.25,114277.1144305056
12,2022-06-02T04:00:00+00:00,124169.345557,558.549744,490.504418,488.36175850558806,0.9877698231786785,0.00444327526566619,0.003901973229083406,0.0038849283265719736,0.25,125706.76147750558
13,2022-06-01T12:00:00+00:00,109190.998648,558.549744,616.48757,608.308272913127,0.9839301092589644,0.0050331430012116015,0.005555226068243345,0.005481521671580646,0.25,110974.34423491312
14,2022-06-01T06:00:00+00:00,108950.727693,562.581025,616.48757,608.308272913127,0.9838594233213559,0.005080284038007387,0.005567077136135122,0.005493215504501597,0.25,110738.10456091313
15,2022-05-31T20:00:00+00:00,103365.30121,678.039276,616.48757,608.308272913127,0.9819239212807219,0.006441068490862687,0.0058563549379630694,0.005778655290452292,0.25,105268.13632891313
16,2022-05-31T13:00:00+00:00,103365.30121,678.039276,617.496746,607.308272913127,0.9819238356885054,0.006441067929408467,0.00586594114523638,0.0057691552368497115,0.25,105268.14550491313
17,2022-05-31T10:00:00+00:00,102489.137601,678.039276,637.49935,607.308272913127,0.981584040298413,0.006493883621190671,0.0061056147247209,0.005816461355675433,0.25,104411.98449991313
18,2022-05-31T02:00:00+00:00,98782.175641,678.039276,637.49935,698.9940610764024,0.980013904020363,0.006726799785892767,0.006324604846470247,0.0069346913472738995,0.25,100796.7083280764
19,2022-05-30T19:00:00+00:00,98782.175641,690.491402,625.551146,698.9940610764024,0.9800090045736868,0.00685030256875459,0.006206036179334174,0.006934656678224477,0.25,100797.21225007641
20,2022-05-30T04:00:00+00:00,94464.890228,690.491402,745.811928,698.9940610764024,0.9778955150739819,0.007147930237183547,0.007720605377506727,0.007235949311327906,0.25,96600.1876190764
21,2022-05-30T01:00:00+00:00,98040.087517,690.491402,644.150697,698.9940610764024,0.9796786200677547,0.006899827213666167,0.006436761552698711,0.006984791165880429,0.25,100073.7236770764
22,2022-05-29T08:00:00+00:00,98452.707726,679.671402,644.150697,698.9940610764024,0.9798675728989484,0.006764546983309503,0.006411021033643642,0.00695685908409846,0.25,100475.52388607641
23,2022-05-29T07:00:00+00:00,98452.707726,698.253048,626.339449,698.9940610764024,0.9798600598032097,0.006949430738616123,0.006233703715516735,0.006956805742657448,0.25,100476.2942840764
24,2022-05-29T05:00:00+00:00,102019.447342,698.253048,626.339449,609.8882181633743,0.9813909801070757,0.006716947219310814,0.006025163846195223,0.005866908827418259,0.25,103953.92805716337
25,2022-05-29T04:00:00+00:00,101083.020124,721.885191,626.339449,609.8882181633743,0.9809967844734168,0.007005796327229435,0.00607853806409932,0.005918881135254473,0.25,103041.13298216337
26,2022-05-28T20:00:00+00:00,104913.332484,631.273111,626.339449,609.8882181633743,0.9825108989964672,0.005911857884177841,0.005865654255218633,0.005711588864136366,0.25,106780.83326216337
27,2022-05-28T16:00:00+00:00,103620.820843,659.916003,626.339449,609.8882181633743,0.9820299638175544,0.0062541223209437065,0.005935912314098681,0.005780001547403214,0.25,105516.96451316337
28,2022-05-28T13:00:00+00:00,102978.135384,659.916003,637.366866,609.8882181633743,0.9818166037614837,0.006291786954747888,0.006076798432917144,0.0058148108508511995,0.25,104885.30647116338
29,2022-05-28T12:00:00+00:00,97518.368758,680.656146,637.366866,727.114826823382,0.9794589613330409,0.006836401903322644,0.0064016112708944655,0.007303025492741946,0.25,99563.50659682338
30,2022-05-28T11:00:00+00:00,93402.853009,680.656146,756.39975,727.114826823382,0.9773544195653053,0.007122290926523273,0.007914861428797665,0.007608428079373745,0.25,95567.02373182338
31,2022-05-28T10:00:00+00:00,90123.090001,785.69437,756.39975,727.114826823382,0.975439414619341,0.008503894577227746,0.008186826809311898,0.007869863994119304,0.25,92392.29894782338
32,2022-05-28T04:00:00+00:00,87439.527903,785.69437,756.39975,827.3962786556809,0.9736163422842804,0.00874850193062978,0.008422313975856646,0.009212841809233176,0.25,89809.01830165568
33,2022-05-28T02:00:00+00:00,90096.67244,785.69437,756.39975,727.9587290118476,0.9754234780771004,0.008506249058214344,0.008189093503458686,0.007881179361226603,0.25,92366.72528901185
34,2022-05-27T11:00:00+00:00,90001.109852,785.69437,759.381842,727.9587290118476,0.9753665022188969,0.00851478354811588,0.00822962752679459,0.007889086706192672,0.25,92274.14479301184
35,2022-05-27T04:00:00+00:00,90001.109852,831.736254,715.860842,727.9587290118476,0.9753398564163904,0.009013505721059054,0.007757766676417055,0.007888871186133442,0.25,92276.66567701184
36,2022-05-27T01:00:00+00:00,86337.554463,831.736254,715.860842,870.3695029734413,0.9727570006908629,0.009371093133679438,0.008065535906213101,0.00980637026924451,0.25,88755.52106197344
37,2022-05-26T18:00:00+00:00,83640.934857,831.736254,826.599701,870.3695029734413,0.9706543343023095,0.00965231200872811,0.009592702232231139,0.010100651456731214,0.25,86169.64031497344
38,2022-05-26T17:00:00+00:00,86371.751536,831.736254,826.599701,752.7085295659701,0.972843336855403,0.009368214240598298,0.009310358966488547,0.008478089937510078,0.25,88782.79602056598
39,2022-05-26T16:00:00+00:00,81752.3381,831.736254,826.599701,967.3693196266786,0.9688816525056297,0.009857259314573196,0.009796383845143378,0.011464704334653679,0.25,84378.04337462668
40,2022-05-26T13:00:00+00:00,73603.422015,1073.209479,1098.646564,967.3693196266786,0.9590941221094508,0.013984525106608197,0.014315984677905392,0.012605368106035688,0.25,76742.64737762668
41,2022-05-26T08:00:00+00:00,71273.08254,1073.209479,1098.646564,1171.7463779865823,0.9551896144577477,0.014382969165155605,0.01472387261072277,0.01570354376637385,0.25,74616.68496098659
42,2022-05-26T03:00:00+00:00,69665.704019,1237.117316,1098.646564,1171.7463779865823,0.9520656528123883,0.01690669636729462,0.015014326961792779,0.01601332385852433,0.25,73173.21427698659
43,2022-05-25T18:00:00+00:00,71316.238231,1069.167889,1098.646564,1171.7463779865823,0.9552672280928405,0.014321297239244224,0.014716158393640601,0.015695316274274732,0.25,74655.79906198659
44,2022-05-25T15:00:00+00:00,70904.086339,1107.365412,1098.646564,1171.7463779865823,0.9545278073269834,0.01490761863247795,0.014790243410631537,0.015774330629907126,0.25,74281.84469298659
45,2022-05-25T14:00:00+00:00,70905.201612,1107.258207,1098.646564,1171.7463779865823,0.954529867614878,0.014905973126297769,0.014790042697135214,0.015774116561688978,0.25,74282.85276098659
46,2022-05-25T13:00:00+00:00,72744.26138,1107.258207,1098.646564,1002.881674440889,0.9577530258849456,0.014578193222012058,0.014464812083972782,0.013203968809069546,0.25,75953.0478254409
47,2022-05-24T04:00:00+00:00,76642.589661,959.781956,950.843123,1002.881674440889,0.963377957381629,0.01206421631096749,0.011951857442158318,0.012605968865245223,0.25,79556.0964144409
48,2022-05-22T07:00:00+00:00,77892.454797,976.53467,967.805894,1020.7359681484903,0.9633296183619744,0.012077225880478583,0.011969273339057703,0.01262388241848936,0.25,80857.53132914849
49,2022-05-22T05:00:00+00:00,77498.356229,1005.27887,967.805894,1017.727007357969,0.9628420588054201,0.01248961686366952,0.012024051410193429,0.012644272920717018,0.25,80489.16800035797
50,2022-05-22T03:00:00+00:00,79349.065426,1005.27887,967.805894,899.4946264566464,0.9650629782842571,0.01222645049541497,0.011770694884059213,0.01093987633626873,0.25,82221.64481645665
51,2022-05-22T01:00:00+00:00,80710.727954,1005.27887,888.335061,899.4946264566464,0.9665511349640392,0.012038714770453412,0.010638254457663407,0.01077189580784395,0.25,83503.83651145664
52,2022-05-21T17:00:00+00:00,83025.113101,879.535472,888.335061,899.4946264566464,0.9688728204201381,0.010263858507239222,0.010366546504816491,0.010496774567806193,0.25,85692.47826045664
53,2022-05-21T04:00:00+00:00,80873.526547,995.513544,888.335061,899.4946264566464,0.9667290535872595,0.011899961672440737,0.01061879392992498,0.010752190810374842,0.25,83656.86977845665
54,2022-05-21T01:00:00+00:00,79089.173752,995.513544,888.335061,1006.406404922791,0.9647441430908673,0.012143455486754854,0.010836072834562217,0.01227632858781567,0.25,81979.4287619228
55,2022-05-20T21:00:00+00:00,77098.649147,995.513544,1016.009743,1006.406404922791,0.9623307717870674,0.012425811965854348,0.012681641649261178,0.012561774597817096,0.25,80116.5788389228
56,2022-05-20T17:00:00+00:00,77098.649147,915.654118,1016.009743,1095.042591641582,0.9622253601248901,0.01142776978832024,0.012680252529257353,0.013666617557532318,0.25,80125.35559964158
57,2022-05-19T23:00:00+00:00,76229.761502,972.539144,1016.009743,1095.042591641582,0.961121408151863,0.012261984993086505,0.012810071757374608,0.013806535097675857,0.25,79313.35298064158
58,2022-05-19T10:00:00+00:00,74448.559638,1106.182905,1016.009743,1095.042591641582,0.9585759053298796,0.014242858220182173,0.013081817350877184,0.014099419099061107,0.25,77665.79487764159
59,2022-05-19T08:00:00+00:00,79928.96329,1105.182905,1210.57606,1095.042591641582,0.9590735399491708,0.013261171387196883,0.014525791646132581,0.013139497017499804,0.25,83339.76484664158
60,2022-05-19T05:00:00+00:00,79928.96329,1104.182905,1210.57606,1095.042591641582,0.9590850480815712,0.013249331292969083,0.014525965944271902,0.013139654681187784,0.25,83338.76484664158
61,2022-05-18T19:00:00+00:00,76469.784847,1255.519463,1226.682573,1234.2917991572872,0.9536517482013508,0.015657534975237263,0.015297911228208129,0.015392805595203864,0.25,80186.27868215728
62,2022-05-18T14:00:00+00:00,75263.321735,1387.073572,1226.682573,1234.2917991572872,0.9513591035048014,0.01753317604821395,0.015505768361424064,0.015601952085560644,0.25,79111.36967915729
63,2022-05-18T13:00:00+00:00,77035.251899,1199.761622,1226.682573,1234.2917991572872,0.9546354646651807,0.014867673763266925,0.015201283298299121,0.015295578273253289,0.25,80695.98789315729
64,2022-05-18T06:00:00+00:00,77035.251899,1198.761622,1226.682573,1235.3346423636629,0.9546349578292948,0.014855273686464084,0.015201275227620657,0.015308493256620488,0.25,80696.03073636367
65,2022-05-18T05:00:00+00:00,78374.066137,1198.761622,1226.682573,1112.681891646566,0.9568058674710311,0.014634715412413773,0.014975579821508904,0.013583837295046232,0.25,81912.19222364656
66,2022-05-17T08:00:00+00:00,77528.055798,1277.201804,1226.682573,1112.681891646566,0.9554306104762412,0.015739820723436177,0.015117238108429269,0.013712330691893376,0.25,81144.62206664657
67,2022-05-17T06:00:00+00:00,78723.0345,1167.930825,1226.682573,1112.681891646566,0.9573479116693491,0.014203163577085051,0.014917641412091828,0.013531283341474102,0.25,82230.32978964657
68,2022-05-17T02:00:00+00:00,76666.53195,1365.607574,1226.682573,1112.681891646566,0.9539019197753231,0.016991190984716527,0.015262655445309118,0.01384423379465122,0.25,80371.50398864657
69,2022-05-17T00:00:00+00:00,74421.019828,1365.607574,1226.682573,1351.0930461403393,0.9496788970359854,0.017426376279949463,0.015653568785167396,0.017241157898897738,0.25,78364.40302114034
70,2022-05-16T21:00:00+00:00,78680.110189,1155.507927,1226.682573,1128.3067491430754,0.9572883403765438,0.014058880485457406,0.014924851041199633,0.013727928096799173,0.25,82190.60743814308
71,2022-05-16T20:00:00+00:00,77232.408246,1155.507927,1226.682573,1261.2484398928243,0.9549502222645236,0.014287429031118147,0.015167477259069383,0.015594871445288845,0.25,80875.84718589282
72,2022-05-16T18:00:00+00:00,75899.344879,1286.697108,1226.682573,1261.2484398928243,0.9526240756075023,0.016149528629653385,0.015396277188306527,0.01583011857453777,0.25,79673.97299989282
73,2022-05-16T17:00:00+00:00,80081.348325,1089.399013,1212.364281,1094.5820470289934,0.9593143366584033,0.013050181014324402,0.014523212462605063,0.013112269864667216,0.25,83477.693666029
74,2022-05-16T16:00:00+00:00,82419.797258,1089.399013,1036.01381,1094.5820470289934,0.9624007159520519,0.012720710617458999,0.012097341484098766,0.012781231946390354,0.25,85639.79212802899
75,2022-05-16T15:00:00+00:00,87072.507007,1089.399013,929.427032,922.7036944427475,0.96732143290353,0.012102545918129284,0.010325356639854616,0.010250664538486123,0.25,90014.03674644275
76,2022-05-16T14:00:00+00:00,83066.430052,1089.399013,929.427032,1168.9013788139869,0.9630426229053616,0.012630104390104,0.01077544618368819,0.013551826520846275,0.25,86254.15747581399
77,2022-05-16T09:00:00+00:00,79362.550222,1089.399013,1195.04904,1168.9013788139869,0.9583008885220152,0.0131544669266879,0.014430188466170498,0.014114456085126337,0.25,82815.89965381399
78,2022-05-16T07:00:00+00:00,72419.902074,1464.760549,1324.57615,1410.551059277099,0.9451853396169478,0.019117261378638634,0.017287650526052536,0.01840974847836095,0.25,76619.78983227709
79,2022-05-16T00:00:00+00:00,71511.914345,1464.760549,1456.062387,1410.551059277099,0.9428904773241894,0.019312988414060216,0.01919830243207886,0.018598231829671557,0.25,75843.2883402771
80,2022-05-15T22:00:00+00:00,1171482.213602,24965.200587,24352.432789,24443.6760242629,0.9407655546583968,0.02004844845673984,0.01955636173901685,0.01962963514584647,0.25,1245243.523002263
81,2022-05-15T21:00:00+00:00,1176292.331347,24255.762821,24352.432789,24443.6760242629,0.9415278259906742,0.019414795989063212,0.01949217255812186,0.01956520546214076,0.25,1249344.202981263
82,2022-05-15T20:00:00+00:00,1164013.066554,25139.988205,24873.281398,24880.005315236394,0.9395488808062455,0.020292081300613298,0.0200768052962278,0.020082232596913337,0.25,1238906.3414722364
83,2022-05-15T19:00:00+00:00,1050216.160748,34873.012545,34542.91922,32029.04348669374,0.9119142149711991,0.030280619406965276,0.029993995751202623,0.027811169870633073,0.25,1151661.1359996938
84,2022-05-15T18:00:00+00:00,1182051.775902,24483.192599,23974.8609,23752.36392507689,0.9424279725496725,0.0195199956829401,0.01911471224084575,0.018937319526541662,0.25,1254262.193326077
85,2022-05-15T17:00:00+00:00,1170668.188781,24482.192599,24578.607575,24792.39735598773,0.9406573496105973,0.019671974196900026,0.01974944572696814,0.01992123046553454,0.25,1244521.3863109876
86,2022-05-15T15:00:00+00:00,1158052.399776,25002.869115,25346.902203,25460.023907494862,0.9385589448054991,0.020263907279345492,0.02054273346382032,0.020634414451335074,0.25,1233862.1950014948
87,2022-05-15T14:00:00+00:00,1161928.527335,25564.214941,24727.101893,24905.651499204618,0.9392163781309925,0.02066420507095934,0.01998754530529195,0.020131871492756203,0.25,1237125.4956682045
88,2022-05-15T13:00:00+00:00,1169280.673476,24429.414465,24726.101893,24905.651499204618,0.9404337846639258,0.01964818817551008,0.01988680913889845,0.02003121802166563,0.25,1243341.8413332046
89,2022-05-15T12:00:00+00:00,1142607.303118,26281.578002,26452.32359,25682.0410696719,0.9357785014063347,0.0215242241233648,0.021664062237495847,0.021033212232804705,0.25,1221023.245779672
90,2022-05-15T11:00:00+00:00,1142719.938834,26261.578002,26452.32359,25682.0410696719,0.9357997518092637,0.021506212800896308,0.021662418768643096,0.02103161662119692,0.25,1221115.8814956718
91,2022-05-15T10:00:00+00:00,1134895.168298,26261.578002,27059.5926,26492.608445003778,0.9342939070124961,0.021619646467081748,0.022276605979682874,0.021809840540739263,0.25,1214708.9473450037
92,2022-05-15T09:00:00+00:00,1125956.608531,27163.893237,27059.5926,27294.728807455645,0.9324886837556774,0.022496446895317893,0.022410067755150226,0.02260480159385444,0.25,1207474.8231754557
93,2022-05-15T08:00:00+00:00,1117940.494716,27385.902498,27729.9906,28026.508375092504,0.9307771330880704,0.02280100947644208,0.023087491036617284,0.023334366398870234,0.25,1201082.8961890924
94,2022-05-15T07:00:00+00:00,1132790.85977,26859.770662,26984.66406,26352.59598719468,0.9338847227258694,0.022143477995801724,0.022246441429303654,0.021725357849025188,0.25,1212987.8904791947
95,2022-05-15T06:00:00+00:00,1138956.85273,26120.350998,26331.559397,26604.71087113937,0.9350938040063176,0.02144504273200084,0.02161844672424655,0.021842706537434985,0.25,1218013.4739961394
96,2022-05-15T05:00:00+00:00,1139395.254737,26713.298243,26331.559397,25934.320510330654,0.9351765959474674,0.021925360153605845,0.021612041984990515,0.0212860019139362,0.25,1218374.4328873307
97,2022-05-15T04:00:00+00:00,1139990.410184,26176.116009,26288.217199,26402.544797342307,0.9352944116021147,0.021475948220226495,0.021567920587365993,0.02166171959029286,0.25,1218857.2881893422
98,2022-05-15T03:00:00+00:00,1115183.641174,27889.964853,27900.879869,27913.001420398996,0.9301820671014238,0.023263204552604982,0.023272308839800797,0.02328241950617044,0.25,1198887.4873163989
99,2022-05-15T02:00:00+00:00,1105620.965066,28690.278986,28538.304357,28568.198804081672,0.9279876581091946,0.024080788668047956,0.023953230866130455,0.02397832235662705,0.25,1191417.7472130817
100,2022-05-15T01:00:00+00:00,1094553.100978,30083.634554,28947.652886,29378.27662582935,0.92526428206206,0.025430755714412497,0.024470470405697442,0.02483449181783,0.25,1182962.6650438292
101,2022-05-15T00:00:00+00:00,1130497.813221,26479.764634,26832.468135,27306.505768866897,0.9334343681284953,0.021863927625746887,0.02215514939171795,0.02254655485403986,0.25,1211116.551758867
102,2022-05-14T23:00:00+00:00,1139742.210831,26583.360212,26154.301367,26161.77283757279,0.9352562463918226,0.021813927265385277,0.02146184768015755,0.021467978662634578,0.25,1218641.6452475728
103,2022-05-14T22:00:00+00:00,1138277.240472,26879.647814,26125.236535,26161.77283757279,0.9349730551536473,0.02207875686567225,0.02145908865718157,0.021489099323498972,0.25,1217443.8976585728
104,2022-05-14T21:00:00+00:00,1146225.063314,26043.137282,26125.236535,25586.76844673286,0.9364735296294833,0.02127741703936081,0.021344492677206808,0.020904560653949147,0.25,1223980.2055777328
105,2022-05-14T20:00:00+00:00,1159848.870973,25207.878169,25400.545576,24886.56122180328,0.9388874728248278,0.020405555949297043,0.02056151852285388,0.020145452703021312,0.25,1235343.8559398032
106,2022-05-14T18:00:00+00:00,1161390.335895,24963.614204,25400.545576,24886.56122180328,0.9391491002323378,0.020186628985651732,0.020539950080372963,0.02012432070163755,0.25,1236641.0568968032
107,2022-05-14T16:00:00+00:00,1157623.314095,24963.614204,25400.545576,25486.674745541208,0.9385063443685714,0.02023845755658367,0.02059268579273166,0.020662512282113323,0.25,1233474.1486205412
108,2022-05-14T14:00:00+00:00,1155315.324882,25351.366329,25383.211451,25486.674745541208,0.9381088195642621,0.020585150935887066,0.020611008975822052,0.020695020524028766,0.25,1231536.5774075412
109,2022-05-14T13:00:00+00:00,1170196.493926,24706.632029,24610.538734,24807.839719896427,0.940429374385755,0.01985550514192605,0.019778279686399065,0.019936840785919844,0.25,1244321.5044088964
110,2022-05-14T12:00:00+00:00,1166960.339859,25199.123904,24610.538734,24807.839719896427,0.9399010679631143,0.02029604834039706,0.01982198610282599,0.01998089759366263,0.25,1241577.8422168964
111,2022-05-14T11:00:00+00:00,1157518.080662,25436.82082,25466.727165,25199.407963100006,0.9383092913548027,0.02061963930989578,0.02064388204256041,0.020427187292741154,0.25,1233621.0366101
112,2022-05-14T10:00:00+00:00,1120664.836075,27756.195115,28092.790832,26987.54829638606,0.9311703864354789,0.023062869556731043,0.02334254993375542,0.02242419407403459,0.25,1203501.370318386
113,2022-05-14T09:00:00+00:00,1113352.02975,27913.031719,28092.790832,28361.170398077007,0.9295602797065419,0.02330515854720048,0.023455243090898307,0.023679318655359338,0.25,1197719.022699077
114,2022-05-14T08:00:00+00:00,1147597.508536,25380.699008,26280.322276,26099.372917160654,0.9365406678102273,0.02071288637491585,0.021447058216457378,0.02129938759839946,0.25,1225357.9027371607
115,2022-05-14T07:00:00+00:00,1172560.725924,24399.207595,24559.22511,24799.25750156301,0.9408195455896752,0.01957702564546231,0.019705417806670043,0.01989801095819246,0.25,1246318.416130563
116,2022-05-14T06:00:00+00:00,1176435.851426,24399.207595,23993.185465,24799.25750156301,0.9414292255530949,0.019525184549949857,0.01920027002193714,0.019845319875018107,0.25,1249627.501987563
117,2022-05-14T05:00:00+00:00,1175956.277676,24399.207595,24061.145676,24799.25750156301,0.941355524333311,0.019531618049864922,0.019260998758094748,0.01985185885872931,0.25,1249215.888448563
118,2022-05-14T04:00:00+00:00,1177369.583379,24161.115935,24061.145676,24771.214715891092,0.9416221746473696,0.019323280344417045,0.01924332735938283,0.01981121764883053,0.25,1250363.0597058912
119,2022-05-14T03:00:00+00:00,1153083.407001,25650.717305,25540.959408,25533.747130099437,0.9376119101450607,0.020857483424797176,0.020768235491096243,0.020762370939045812,0.25,1229808.8308440994
120,2022-05-14T02:00:00+00:00,1174407.581769,24370.428362,24567.516798,24456.089518148532,0.9411813274556234,0.019530691450288105,0.01968863998425552,0.019599341109832892,0.25,1247801.6164471486
121,2022-05-14T01:00:00+00:00,1190223.299922,23794.967998,23847.114615,23529.254415568226,0.9435772636542791,0.018864015511850064,0.018905355957950315,0.018653364875920505,0.25,1261394.6369505683
122,2022-05-14T00:00:00+00:00,1210745.158423,22846.728686,22938.221388,22765.46326829152,0.9464155001742879,0.017858835120076237,0.01793035315235845,0.01779531155327741,0.25,1279295.5717652915
123,2022-05-13T23:00:00+00:00,1209756.007592,22846.728686,22612.920049,23212.39660098109,0.9462839968360349,0.01787095381212434,0.01768806621319806,0.018156983138642637,0.25,1278428.0529279811
124,2022-05-13T22:00:00+00:00,1203446.487648,23701.936025,23432.405128,22326.561956327914,0.9454312987624327,0.018620314562631548,0.01840857025274924,0.017539816422186473,0.25,1272907.390757328
125,2022-05-13T21:00:00+00:00,1200790.925393,23202.633798,23432.405128,23138.940579491,0.9450842855516575,0.01826166747447957,0.018442509341836482,0.01821153763202647,0.25,1270564.904898491
126,2022-05-13T20:00:00+00:00,1212766.225418,23202.633798,22876.581348,22227.175119160704,0.9466803134896965,0.018111880243124764,0.01785736504546274,0.017350441221716043,0.25,1281072.6156831607
127,2022-05-13T19:00:00+00:00,1193095.973727,23859.542086,23004.561019,23913.778420126797,0.9439992517995338,0.0188781040029033,0.018201627419858986,0.018921016777703897,0.25,1263873.8552521267
128,2022-05-13T18:00:00+00:00,1182485.503798,23859.542086,24443.026969,23913.778420126797,0.9424434200030469,0.019016104950981053,0.019481143623242474,0.01905933142272951,0.25,1254701.851273127
129,2022-05-13T17:00:00+00:00,1173931.500741,25077.44345,24460.113646,23913.778420126797,0.9411156435849931,0.020104047226789573,0.019609147196056144,0.019171161992161144,0.25,1247382.8362571269
130,2022-05-13T16:00:00+00:00,1267411.547368,20429.611992,21256.361584,20844.772106317578,0.9529823617091695,0.01536127702589503,0.015982920232762144,0.01567344103217336,0.25,1329942.2930503176
131,2022-05-13T15:00:00+00:00,1217350.822187,22691.382392,22497.913876,22540.897596924322,0.9472950008451547,0.01765755007549123,0.017507000410852666,0.017540448668501338,0.25,1285081.0160519243
132,2022-05-13T14:00:00+00:00,1212297.422013,22383.101029,23247.537728,22689.252109245794,0.9466508142759367,0.017478368286834637,0.018153383914302976,0.01771743352292571,0.25,1280617.3128792457
133,2022-05-13T13:00:00+00:00,1239603.146454,21762.477718,22400.610697,21101.12668362057,0.9499840236474574,0.0166779232581199,0.017166963752044666,0.016171089342378066,0.25,1304867.3615526205
134,2022-05-13T12:00:00+00:00,1258260.32176,21139.324472,21017.957568,21204.418304551364,0.952057623673935,0.01599498503992672,0.015903153259001386,0.016044238027136868,0.25,1321622.0221045513
135,2022-05-13T11:00:00+00:00,1259299.258522,21039.324472,21017.957568,21204.418304551364,0.9521672706876458,0.015908018704885195,0.015891863000411423,0.016032847607057577,0.25,1322560.9588665513
136,2022-05-13T10:00:00+00:00,1285283.957295,21017.528457,19867.150854,20029.386966362832,0.9547510357237659,0.015612508775808817,0.014757970600253278,0.014878484900172032,0.25,1346198.0235723627
137,2022-05-13T09:00:00+00:00,1228891.921599,22567.961107,22753.256013,22426.602616596585,0.9477512391631516,0.017404958669363316,0.017547862592552605,0.0172959395749325,0.25,1296639.7413355967
138,2022-05-13T08:00:00+00:00,1255478.596736,21752.108445,21573.476075,21544.26517753955,0.9508691437682508,0.01647452117943239,0.016339229340007342,0.0163171057123094,0.25,1320348.4464335395
139,2022-05-13T07:00:00+00:00,1222935.122988,29231.812642,25028.796635,25012.234586818322,0.9391242828474885,0.022447883430378648,0.019220276078873118,0.019207557643259703,0.25,1302207.9668518184
140,2022-05-13T06:00:00+00:00,1202028.342649,30294.422466,26676.463322,25012.234586818322,0.936150787796123,0.023593576333545585,0.020775876298781262,0.019479759571550136,0.25,1284011.4630238183
141,2022-05-13T05:00:00+00:00,1204093.962582,29866.838865,26908.183383,24923.04848380347,0.936460898329532,0.023228358934551635,0.020927321593096956,0.01938342114281936,0.25,1285792.0333138034
142,2022-05-13T04:00:00+00:00,1195699.27365,31099.777348,26853.396842,24923.04848380347,0.9351808141857156,0.024323770819493228,0.02100258992856476,0.01949282506622638,0.25,1278575.4963238034
143,2022-05-13T03:00:00+00:00,1195965.345334,31233.804455,26897.194537,24704.95820843717,0.9352237466162524,0.024424282641172003,0.02103313038835107,0.019318840354224525,0.25,1278801.3025344373
144,2022-05-13T02:00:00+00:00,1209075.126064,29526.765661,26799.87203,24689.10815968648,0.9372015199747541,0.022887353366959254,0.020773631232833243,0.019137495425453385,0.25,1290090.8719146864
145,2022-05-13T01:00:00+00:00,1232989.568739,29134.713266,26296.55667,22842.446282981946,0.9403066362668042,0.022218812652055296,0.020054368159055598,0.017420182922084873,0.25,1311263.284957982
146,2022-05-13T00:00:00+00:00,1108022.446646,36828.320311,32783.15969,30175.988821807077,0.9173814790350724,0.030491818157251358,0.027142648251298165,0.02498405455637808,0.25,1207809.915468807
147,2022-05-12T23:00:00+00:00,1050324.015165,42128.470973,38560.155109,37385.2538595077,0.8989437755442512,0.03605661320466492,0.03300258864766696,0.03199702260341694,0.25,1168397.8951065077
148,2022-05-12T22:00:00+00:00,989257.158093,51123.022253,49404.536797,48377.02543256477,0.8691709807908267,0.04491718561661797,0.04340730754593953,0.042504526046615844,0.25,1138161.7425755647
149,2022-05-12T21:00:00+00:00,993720.882794,50098.006629,47522.956785,48529.79614143139,0.8717831428333503,0.0439505684392158,0.041691498427883236,0.0425747902995506,0.25,1139871.6423494313
150,2022-05-12T20:00:00+00:00,1009040.802039,47824.709476,45475.802414,43973.83933990879,0.880247285540588,0.041720384956632446,0.03967129134105762,0.038361038161721976,0.25,1146315.1532689088
151,2022-05-12T19:00:00+00:00,1026934.732209,45433.752443,42893.293803,39824.00733744766,0.8890549471219321,0.0393336607564867,0.03713429282100724,0.03447709930057391,0.25,1155085.7857924476
152,2022-05-12T18:00:00+00:00,1022150.705512,47647.162748,43007.660102,39824.00733744766,0.886798987752583,0.04133779438428704,0.037312647967069276,0.03455056989606062,0.25,1152629.5356994476
153,2022-05-12T17:00:00+00:00,1054609.491743,41412.998205,38349.832246,36537.98064119331,0.9006748759400379,0.03536820720146052,0.032752152024917124,0.03120476483358441,0.25,1170910.3028351932
154,2022-05-12T16:00:00+00:00,1066908.110549,39585.660065,36724.519963,35518.34882361967,0.9051284866240488,0.0335831251373751,0.031155831366770945,0.03013255687180517,0.25,1178736.6394006198
155,2022-05-12T15:00:00+00:00,1032686.367696,45285.979426,41302.213166,38856.37449311135,0.8916836056116396,0.03910264208127652,0.03566281836155787,0.033550933945526,0.25,1158130.9347811113
156,2022-05-12T14:00:00+00:00,1114886.685229,53231.081636,45196.588895,43311.570584849935,0.8872064962656571,0.0423603241983343,0.03596662136875005,0.034466558167258556,0.25,1256625.9263448499
157,2022-05-12T13:00:00+00:00,1065669.811001,58745.736846,55263.929658,56280.942605860844,0.8622200142181038,0.04753043535223461,0.04471334903511153,0.04553620139455005,0.25,1235960.4201108608
158,2022-05-12T12:00:00+00:00,1070112.458387,54713.879355,56395.427565,56280.942605860844,0.8647354478858662,0.04421313909468447,0.04557196295765286,0.04547945006179646,0.25,1237502.707912861
159,2022-05-12T11:00:00+00:00,1091173.317669,53444.13166,51030.018073,49817.444133325494,0.8761172695936289,0.04291098943455393,0.04097266619104799,0.03999907478076913,0.25,1245464.9115353255
160,2022-05-12T10:00:00+00:00,1112804.291445,50379.919552,48955.16333,43320.64924062699,0.8863717446635666,0.04012865292901636,0.038993804988616564,0.034505797418800464,0.25,1255460.023567627
161,2022-05-12T09:00:00+00:00,1101511.540123,51922.096956,48747.163666,47731.84454100523,0.8812708186266505,0.0415405805772284,0.03900045643177381,0.03818814436434734,0.25,1249912.6452860052
162,2022-05-12T08:00:00+00:00,1070771.262639,57651.347104,55330.858499,53699.5128591721,0.8653025844150886,0.04658871729631117,0.04471350374037059,0.04339519454822964,0.25,1237452.981101172
163,2022-05-12T07:00:00+00:00,1045417.774698,64444.567585,57321.77091,62534.46310186428,0.8501276591655941,0.052405947854484845,0.04661373099096396,0.0508526619889571,0.25,1229718.5762948643
164,2022-05-12T06:00:00+00:00,1068521.025977,54950.653401,58367.762901,54852.38275698971,0.8640155973747982,0.044433586677425356,0.04719669178641284,0.04435412416136366,0.25,1236691.8250359898
165,2022-05-12T05:00:00+00:00,1095327.043056,60654.048752,65946.941638,63391.61806778342,0.8521826004651685,0.04718985559783886,0.05130781402146235,0.04931972991553037,0.25,1285319.6515137835
166,2022-05-12T04:00:00+00:00,1084671.401397,67333.645733,66997.535393,63391.61806778342,0.8458174568298149,0.05250619949932728,0.05224410353862724,0.049432240132230534,0.25,1282394.2005907835
167,2022-05-12T03:00:00+00:00,1098543.710685,65788.637263,61164.328063,60513.40902774793,0.8542263575265046,0.051157170560616375,0.047561312912376655,0.04705515900050243,0.25,1286010.0850387479
168,2022-05-12T02:00:00+00:00,1110749.592245,63894.317675,59244.952492,55746.93423985661,0.8612893617940199,0.049544466616762636,0.045939289717152186,0.043226881872065276,0.25,1289635.7966518565
169,2022-05-12T01:00:00+00:00,1068707.931797,70903.345404,70717.675135,68398.06446409828,0.8357592494380446,0.055448383018784866,0.055303183717792054,0.05348918382537847,0.25,1278727.0168000984
170,2022-05-12T00:00:00+00:00,1053623.815959,73153.140127,77874.936565,71289.06616820485,0.825762202143002,0.057332699935189926,0.061033338593556766,0.05587175932825133,0.25,1275940.958819205
171,2022-05-11T23:00:00+00:00,1062892.341454,72503.945812,70612.269755,71438.7796594779,0.83204396058783,0.056756896139770245,0.05527607105784113,0.05592307221455858,0.25,1277447.336680478
172,2022-05-11T22:00:00+00:00,1075476.770482,71087.984098,68840.672976,64549.76921287958,0.8402456376574233,0.05553943159686729,0.0537836583263082,0.050431272419401166,0.25,1279955.1967688797
173,2022-05-11T21:00:00+00:00,1084814.412672,68023.460794,64676.988676,64549.76921287958,0.8461464314209912,0.053057746957821575,0.05044752588459575,0.05034829573659146,0.25,1282064.6313548796
174,2022-05-11T20:00:00+00:00,1106119.588656,62807.658685,61121.119523,57869.59000227674,0.8588432071770914,0.04876681651199406,0.047457308283609986,0.044932668027304536,0.25,1287917.9568662767
175,2022-05-11T19:00:00+00:00,1112386.519342,61066.188811,58542.42824,57869.59000227674,0.8624055659315015,0.04734309541253892,0.0453864866927602,0.04486485196319936,0.25,1289864.7263952768
176,2022-05-11T18:00:00+00:00,1109698.193032,62938.759563,57830.058989,58464.930452666,0.860943977599426,0.048830165123807286,0.044866650521222726,0.04535920675554401,0.25,1288931.942036666
177,2022-05-11T17:00:00+00:00,1112881.000041,61409.095143,57197.468594,58464.930452666,0.8627302207006683,0.04760570285933257,0.044340755841642716,0.045323320598356434,0.25,1289952.494230666
178,2022-05-11T16:00:00+00:00,1120388.450871,59754.047696,56803.239451,55533.3820294255,0.8668522636016659,0.04623211839105565,0.04394905772165642,0.04296656028562209,0.25,1292479.1200474254
179,2022-05-11T15:00:00+00:00,1144695.049894,54060.120503,50997.77947,52379.28476852915,0.8790927829341416,0.04151661334006649,0.03916482375100286,0.040225779974789024,0.25,1302132.234635529
180,2022-05-11T14:00:00+00:00,1528327.226954,64226.154941,62969.899927,62374.90813798209,0.8896494774172863,0.03738647337564057,0.03665519894893589,0.03630885025813729,0.25,1717898.1899599822
181,2022-05-11T13:00:00+00:00,2058845.032237,80994.295129,83251.426304,75147.57291905435,0.8958361752206302,0.03524190428466495,0.03622401791008253,0.03269790258462234,0.25,2298238.3265890544
182,2022-05-11T12:00:00+00:00,2163896.697562,68136.435199,69311.289479,63395.29293793215,0.9150676007482625,0.028813503135956403,0.029310324952099325,0.02680857116368177,0.25,2364739.7151779323
183,2022-05-11T11:00:00+00:00,2062344.68291,82172.367825,76527.585422,78795.74348993826,0.896733834731001,0.035729596085105154,0.033275172529037944,0.034261396654855954,0.25,2299840.3796469383
184,2022-05-11T10:00:00+00:00,2041076.225993,84414.686707,84152.336892,78626.48895410431,0.8919736129053721,0.03689018181948885,0.036775531955191516,0.03436067331994747,0.25,2288269.738546104
185,2022-05-11T09:00:00+00:00,5846668.305959,225518.43794,227415.417609,226820.02584556525,0.8958458613493097,0.03455468118151987,0.03484534268249905,0.03475411478667146,0.25,6526422.187353565
186,2022-05-11T08:00:00+00:00,5795573.93129,234928.157128,237857.406276,231053.1304065994,0.891707338122773,0.03614605975634048,0.036596754198587045,0.035549847922299455,0.25,6499412.6251006
187,2022-05-11T07:00:00+00:00,6040920.394103,211445.867859,194962.122803,193577.5462461802,0.9096530589137823,0.03183991311661361,0.02935776004484286,0.02914926792476114,0.25,6640905.93101118
188,2022-05-11T06:00:00+00:00,5760995.960806,240913.260082,244017.441415,234514.24514538262,0.888982099070531,0.037175442770429876,0.037654450507300395,0.03618800765173871,0.25,6480440.907448383
189,2022-05-11T05:00:00+00:00,5489132.193835,293349.825129,294350.780782,297605.88906833366,0.8611161643874868,0.04601971082469757,0.04617673730214357,0.046687387485671986,0.25,6374438.688814334
190,2022-05-11T04:00:00+00:00,5391622.359784,322650.816647,318706.235273,314930.6879699272,0.8493539251699471,0.05082788060649655,0.05020648217582208,0.0496117120477343,0.25,6347910.099673927
191,2022-05-11T03:00:00+00:00,5258600.361722,357015.773953,350325.186968,354570.6707575512,0.8319896184379798,0.0564852616885739,0.055426710262362566,0.056098409611083686,0.25,6320511.993400551
192,2022-05-11T02:00:00+00:00,5214285.124533,371365.94297,367607.287287,359606.3329000589,0.825977647628142,0.05882684982843923,0.05823145362260429,0.056964048920814504,0.25,6312864.687690059
193,2022-05-11T01:00:00+00:00,5336833.845844,331321.188439,337216.517893,329708.95463577175,0.84242557613997,0.05229944403749062,0.05323002881027466,0.05204495101226471,0.25,6335080.506811772
194,2022-05-11T00:00:00+00:00,5305875.529223,342033.205313,336579.681932,338173.8281491901,0.8391837684735044,0.05409639042543995,0.05323385449199785,0.05348598660905776,0.25,6322662.24461719
195,2022-05-10T23:00:00+00:00,5332464.080395,334531.848797,332725.444358,328257.8023776297,0.8426804090443778,0.05286551037803635,0.052580047295940284,0.051874033281645526,0.25,6327979.17592763
196,2022-05-10T22:00:00+00:00,5469792.186541,296688.600601,301254.39516,294339.83851061994,0.8597497150925376,0.046633936196983784,0.04735159427930184,0.046264754431176815,0.25,6362075.02081262
197,2022-05-10T21:00:00+00:00,5355679.450861,327610.591139,320208.561977,328778.00175316277,0.8457747164763102,0.05173662041903551,0.050567683933332754,0.051920979171321595,0.25,6332276.605730163
198,2022-05-10T20:00:00+00:00,5026890.497699,412351.835885,414275.938078,427874.58229692274,0.800282773991877,0.06564656047983217,0.06595287824051597,0.06811778728777483,0.25,6281392.853958922
199,2022-05-10T19:00:00+00:00,4999967.817129,434897.551735,424727.741041,419063.84001095966,0.7963435264919076,0.06926601583811982,0.06764627283016075,0.06674418483981179,0.25,6278656.9499159595
200,2022-05-10T18:00:00+00:00,4975192.360506,437759.353763,430687.418014,432598.9005745071,0.7927029431420155,0.06974868567304683,0.06862190626921019,0.06892646491572742,0.25,6276238.0328575075
201,2022-05-10T17:00:00+00:00,4980989.717341,432367.464751,430687.418014,432598.9005745071,0.7935753746092106,0.06888513975728001,0.06861747333065918,0.06892201230285026,0.25,6276643.500680507
202,2022-05-10T16:00:00+00:00,5056900.474851,417554.051677,415907.727298,420257.0239914553,0.8013318902990362,0.0661668900142257,0.0659060084261402,0.06659521126059792,0.25,6310619.277817455
203,2022-05-10T15:00:00+00:00,5043824.668751,422390.696498,415907.727298,427147.95755321067,0.7994306519246607,0.06694762249773548,0.06592009187676191,0.06770163370084191,0.25,6309271.050100211
204,2022-05-10T14:00:00+00:00,5023080.425911,424838.415127,434881.654506,424200.6040628386,0.7964292928733,0.06735981307399538,0.06895220844865706,0.06725868560404756,0.25,6307001.099606839
205,2022-05-10T13:00:00+00:00,4942062.867456,449382.232396,446582.66771,461968.4488525373,0.7844548945251008,0.07133055591765942,0.07088618030379704,0.07332836925344273,0.25,6299996.216414537
206,2022-05-10T12:00:00+00:00,4940232.045718,461697.648011,453825.637343,444001.98877615883,0.7841940244512582,0.07328816406250521,0.07203859042524807,0.0704792210609885,0.25,6299757.319848158
207,2022-05-10T11:00:00+00:00,4993724.349216,442618.510347,436156.755129,431580.3733069682,0.7921416540910834,0.0702114362745412,0.06918642465820682,0.06846048497616855,0.25,6304079.987998968
208,2022-05-10T10:00:00+00:00,5039483.07295,430310.399197,419157.129228,418992.0876210258,0.7989107259552616,0.068217233480523,0.0664491023292276,0.0664229382349878,0.25,6307942.688996025
209,2022-05-10T09:00:00+00:00,5050137.746229,423796.945045,415899.094843,418992.0876210258,0.8004877369101893,0.06717524837849062,0.06592337515198794,0.06641363955933213,0.25,6308825.873738026
210,2022-05-10T08:00:00+00:00,4991624.821779,446623.577253,432580.489662,432027.9435540636,0.7919622727649073,0.07086049852312783,0.06863244734494627,0.0685447813670187,0.25,6302856.832248064
211,2022-05-10T07:00:00+00:00,5081596.914996,417193.42159,408366.454136,412810.9660684291,0.8040542468806311,0.06601195411823906,0.0646152749271916,0.06531852407393825,0.25,6319967.756790429
212,2022-05-10T06:00:00+00:00,4870586.463573,481490.841088,473594.923178,476330.535750923,0.7728632700247311,0.07640282925133465,0.07514990725078921,0.07558399347314508,0.25,6302002.763589923
213,2022-05-10T05:00:00+00:00,5067138.78621,424891.409025,391377.828797,407303.79814908386,0.8054952967871205,0.06754265988259557,0.062215189609703576,0.06474685372058031,0.25,6290711.822181084
214,2022-05-10T04:00:00+00:00,5206328.320866,371882.104286,361906.651699,367334.6396055007,0.8254249980673484,0.058959167822995526,0.05737763330867281,0.05823820080098333,0.25,6307451.716456501
215,2022-05-10T03:00:00+00:00,5394820.936292,315625.627956,317147.656597,315935.685351856,0.8504446287897086,0.04975551981676199,0.04999545383827786,0.04980439755525158,0.25,6343529.906196856
216,2022-05-10T02:00:00+00:00,5405448.759235,314536.73661,311022.648023,314931.56641195656,0.8517964251186582,0.04956503701106293,0.049011283154670716,0.04962725471560824,0.25,6345939.710279956
217,2022-05-10T01:00:00+00:00,5313015.124433,335225.875751,337455.842127,339183.7784586322,0.84001824587584,0.053001138812041104,0.05335370932043572,0.05362690599168324,0.25,6324880.620769632
218,2022-05-10T00:00:00+00:00,5337949.26448,331268.477021,335814.17558,324616.7496943218,0.8433247318289865,0.05233599753487846,0.05305415723035424,0.051285113405780826,0.25,6329648.666775322
219,2022-05-09T23:00:00+00:00,5629376.061338,301426.056607,352934.855724,358812.4696333766,0.8474722106907386,0.04537806743929098,0.05313243939491652,0.054017282475053906,0.25,6642549.443302376
220,2022-05-09T22:00:00+00:00,5364278.096299,413148.376058,420253.997136,429451.0822561662,0.8094419213518029,0.0623419608969364,0.06341416250067922,0.0648019552505815,0.25,6627131.551749166
221,2022-05-09T21:00:00+00:00,5282235.606215,444081.222584,453590.891371,457999.88845191465,0.7957681723912449,0.06690078391678533,0.06833341440032023,0.06899762929164951,0.25,6637907.608621915
222,2022-05-09T20:00:00+00:00,5106212.859483,509285.815137,493202.365631,506238.6909708008,0.7719212973902433,0.07699024266740118,0.07455886004571412,0.07652959989664138,0.25,6614939.731221801
223,2022-05-09T19:00:00+00:00,5148271.56123,476648.029437,504251.819822,488287.38567027857,0.7779831684358982,0.07202886245602962,0.0762002205612015,0.0737877485468707,0.25,6617458.796159279
224,2022-05-09T18:00:00+00:00,5138496.332866,557882.154727,494566.274122,512645.8163302442,0.766528962806135,0.08322139430085504,0.07377632454788352,0.07647331834512645,0.25,6703590.578045244
225,2022-05-09T17:00:00+00:00,4734292.388499,627816.221371,674409.815973,693200.3880547929,0.703490371502898,0.09329011192480632,0.10021366934087218,0.10300584723142354,0.25,6729718.813897793
226,2022-05-09T16:00:00+00:00,4636865.354253,790349.162717,677806.332217,664274.4690526951,0.6849849410113759,0.11675501297563783,0.1001295260956732,0.09813051991731314,0.25,6769295.318239695
227,2022-05-09T15:00:00+00:00,4696155.385521,742756.085276,733916.073931,781768.2326337497,0.6752592869319147,0.10680075579572608,0.10552965225096284,0.1124103050213964,0.25,6954595.77736175
228,2022-05-09T14:00:00+00:00,4472507.48439,828144.196915,742951.894663,906927.9285832705,0.6434770465339754,0.1191483264801726,0.10689137861996718,0.13048324836588482,0.25,6950531.504551271
229,2022-05-09T13:00:00+00:00,4193556.672433,880470.865849,966369.399702,906927.9285832705,0.6036217901099924,0.1267352373409375,0.13909949775811922,0.13054347479095085,0.25,6947324.866567271
230,2022-05-09T12:00:00+00:00,3881624.401445,1017412.368655,1092054.736193,953945.1332541595,0.5589062524655155,0.14649488857431556,0.15724247298776034,0.13735638597240862,0.25,6945036.63954716
231,2022-05-09T11:00:00+00:00,3912756.79331,986174.280827,1012064.736193,1033877.1643811048,0.5634022116110431,0.14200033383159513,0.1457283293558152,0.14886912520154658,0.25,6944872.974711104
232,2022-05-09T10:00:00+00:00,3893728.365296,1050787.347007,966286.613114,1033877.1643811048,0.5606779076004843,0.15130825670941775,0.13914056286305185,0.14887327282704613,0.25,6944679.489798104
233,2022-05-09T09:00:00+00:00,3876615.79985,971776.376343,1012264.138016,1057328.474922463,0.5603677831064876,0.14047101951853297,0.14632355647938441,0.15283764089559498,0.25,6917984.789131463
234,2022-05-09T08:00:00+00:00,3820960.79985,954344.374138,1019432.646654,1122927.741479984,0.5523482980692009,0.1379575762325891,0.14736657005160142,0.16232755564660856,0.25,6917665.562121984
235,2022-05-09T07:00:00+00:00,3775408.87093,965799.509361,1033729.574224,1122927.741479984,0.5473300057323623,0.14001425251317365,0.1498622356222738,0.1627935061321902,0.25,6897865.695994984
236,2022-05-09T06:00:00+00:00,3774406.87093,964795.693325,1019736.40395,1138927.3064149711,0.5471846975082082,0.1398687151815152,0.14783360003687243,0.16511298727340418,0.25,6897866.274619971
237,2022-05-09T05:00:00+00:00,3676981.934425,924474.463983,1019536.40395,1076469.7941766905,0.5490111936313752,0.13803353891984838,0.15222726357255276,0.16072800387622363,0.25,6697462.596534691
238,2022-05-09T03:00:00+00:00,3675787.925405,925468.502646,1019536.40395,1076469.7941766905,0.5488493031522151,0.13818608501757232,0.15223180885350424,0.16073280297670828,0.25,6697262.626177691
239,2022-05-09T02:00:00+00:00,3759301.214464,910449.93322,963225.214767,1076469.7941766905,0.560299781338957,0.13569673441982152,0.14356255230031348,0.16044093194090808,0.25,6709446.15662769
240,2022-05-09T01:00:00+00:00,3840782.774262,959101.952097,1063346.602487,1076469.7941766905,0.5534507475430137,0.1382050804630688,0.1532265703719303,0.15511760162198715,0.25,6939701.12302269
241,2022-05-09T00:00:00+00:00,3671357.490479,1027182.022565,1078589.997433,1062126.8930507954,0.5368065289356978,0.15018913781842766,0.15770574076980742,0.1552985924760671,0.25,6839256.403527795
242,2022-05-08T23:00:00+00:00,3352207.549337,996801.876134,944868.897433,999874.288407173,0.5326246130666767,0.1583795769701118,0.1501280644134114,0.15886774554980004,0.25,6293752.611311173
243,2022-05-08T22:00:00+00:00,3184383.718979,956363.616803,935700.897433,988828.6358651227,0.5250186904430552,0.1576784765883317,0.15427175339728738,0.1630310795713257,0.25,6065276.869080123
244,2022-05-08T21:00:00+00:00,3139511.709079,982388.13109,954353.002152,988828.6358651227,0.5176371859752708,0.161974432598027,0.1573520496937194,0.16303633173298285,0.25,6065081.478186123
245,2022-05-08T20:00:00+00:00,3204222.592051,922301.308554,949744.10125,988828.6358651227,0.5283052824126924,0.15206704256252282,0.15659175079640775,0.1630359242283771,0.25,6065096.637720123
246,2022-05-08T19:00:00+00:00,3164837.665612,961343.172051,949908.701548,988828.6358651227,0.521826935541843,0.15850884452186922,0.1566234983106062,0.16304072162568156,0.25,6064918.175076122
247,2022-05-08T18:00:00+00:00,3159475.64667,911543.408178,1005041.13525,988828.6358651227,0.5209453523937045,0.15029845300309264,0.16571468399346898,0.16304151060973385,0.25,6064888.825963123
248,2022-05-08T17:00:00+00:00,2892163.218681,1152478.307677,1153063.316714,1071341.7182631951,0.4613402038706538,0.18383629733825788,0.18392961440509992,0.17089388438598843,0.25,6269046.561335195
249,2022-05-08T16:00:00+00:00,2510089.309928,1064606.447849,1363626.549469,1329861.2441651318,0.40044923530723875,0.16984289613046338,0.21754732264692728,0.21216054591537056,0.25,6268183.551411132
250,2022-05-08T15:00:00+00:00,2354913.543299,1164379.877652,1409514.447027,1239030.5380304395,0.38180532437505915,0.18878248764068006,0.2285264876028387,0.2008857003814221,0.25,6167838.406008439
251,2022-05-08T14:00:00+00:00,2356554.518032,1206081.726356,1412015.260336,1149813.6195787373,0.38477719608212985,0.1969284993672506,0.2305532371688958,0.18774106738172375,0.25,6124465.124302737
252,2022-05-08T13:00:00+00:00,3639421.785594,768716.633655,870608.245979,849609.1085189458,0.5938659438123346,0.12543603244251567,0.1420622885029895,0.13863573524216025,0.25,6128355.773746946
253,2022-05-08T12:00:00+00:00,3471576.977984,784020.89224,816950.317919,849609.1085189458,0.5862014134512726,0.13238771835424185,0.13794809509356976,0.14346277310091582,0.25,5922157.296661946
254,2022-05-08T11:00:00+00:00,3415800.216985,766041.85438,836741.951581,903181.0312467371,0.5768213000221175,0.12936039295203478,0.14129941730608997,0.15251888971975772,0.25,5921765.054192737
255,2022-05-08T10:00:00+00:00,3298168.673672,817770.244066,875295.37666,929764.3790480131,0.5570291188314809,0.138113566505844,0.14782901076898558,0.15702830389368955,0.25,5920998.673446014
256,2022-05-08T09:00:00+00:00,3193657.643649,794013.376105,773071.633306,929764.3790480131,0.5612254981197922,0.13953297511537607,0.13585285615922002,0.16338867060561169,0.25,5690507.0321080135
257,2022-05-08T08:00:00+00:00,3100410.386849,793326.756859,866128.697158,929764.3790480131,0.544923003255536,0.1394337990687538,0.15222934772219515,0.16341384995351502,0.25,5689630.2199140135
258,2022-05-08T07:00:00+00:00,2971406.409569,813430.238396,962246.19298,941919.1880154888,0.522307145338098,0.14298294046216614,0.16914147474048705,0.16556843945924887,0.25,5689002.028960489
259,2022-05-08T06:00:00+00:00,2821058.449001,934926.393366,962246.19298,970140.4299273042,0.4959342873830697,0.16435747895042155,0.16916022430219377,0.170548009364315,0.25,5688371.465274304
260,2022-05-08T05:00:00+00:00,2885742.034978,925143.532238,890563.071087,975150.8238002586,0.5083575218302954,0.1629749532998091,0.15688319689144212,0.17178432797845344,0.25,5676599.462103259
261,2022-05-08T04:00:00+00:00,2863272.813556,977493.425672,924177.445796,911240.6267101036,0.5044361945113187,0.17220959926394122,0.16281667314528395,0.16053753307945615,0.25,5676184.311734104
262,2022-05-08T03:00:00+00:00,3036451.289676,877139.712177,875729.453775,887352.612660128,0.5348998001379847,0.15451651022092636,0.15426807977847617,0.15631560986261278,0.25,5676673.068288128
263,2022-05-08T02:00:00+00:00,3342934.455605,733423.322438,754883.930569,845968.0796954015,0.5888340540964331,0.12918728561846263,0.13296741862943565,0.14901124165566862,0.25,5677209.788307401
264,2022-05-08T01:00:00+00:00,3668159.586583,652973.379002,691009.525897,667591.8133595298,0.6458329544493271,0.11496547971361815,0.1216622977078291,0.11753926812922569,0.25,5679734.30484153
265,2022-05-08T00:00:00+00:00,3373134.590325,685872.457688,801617.898318,815877.9336263635,0.5942275837179415,0.12082658499296871,0.14121685750365037,0.14372897378543947,0.25,5676502.879957364
266,2022-05-07T23:00:00+00:00,3196255.865907,816427.238789,800560.667064,861963.8557591703,0.5631962873760434,0.1438585673641492,0.14106279798153443,0.15188234727827296,0.25,5675207.62751917
267,2022-05-07T22:00:00+00:00,3587366.147302,743051.124424,686230.513073,660761.8226438701,0.6318667130515118,0.13087854775351915,0.12087035470778393,0.11638438448718519,0.25,5677409.60744287
268,2022-05-07T21:00:00+00:00,3125261.961034,811230.805037,848571.524568,888130.9670187731,0.5508821429714532,0.14299363378018537,0.14957558942160223,0.15654863382675913,0.25,5673195.257657773
269,2022-05-07T20:00:00+00:00,2851510.72284,839865.267495,968498.283028,1009986.995619164,0.5029242493885383,0.14812801013132548,0.17081516408987232,0.17813257639026392,0.25,5669861.268982164
270,2022-05-07T19:00:00+00:00,2438681.682949,1085160.083334,1134747.881181,1009986.995619164,0.4302105866248975,0.19143431440732478,0.2001821537626429,0.17817294520513488,0.25,5668576.643083164
271,2022-05-07T18:00:00+00:00,1645383.342641,811489.014437,802396.68182,826508.0809694391,0.4027100094716825,0.19861313787555018,0.19638777600429494,0.2022890766484724,0.25,4085777.119867439
272,2022-05-07T17:00:00+00:00,1645383.342641,811489.014437,799701.34889,829202.8794705238,0.4027100621470721,0.19861316385460254,0.19572811488031194,0.20294865911801344,0.25,4085776.585438524
273,2022-05-07T16:00:00+00:00,1541432.94585,865371.413794,849592.953906,829202.8794705238,0.3772843335192824,0.21181010693907926,0.20794813828268588,0.20295742125895244,0.25,4085600.193020524
274,2022-05-07T14:00:00+00:00,1541433.946747,766905.328041,948054.961428,829202.8794705238,0.37728486267740696,0.18770948439739463,0.23204807879562384,0.2029575741295746,0.25,4085597.1156865237
275,2022-05-07T13:00:00+00:00,1315433.946747,992610.965876,948054.961428,829202.8794705238,0.3219917901098268,0.24297121309317188,0.23206479877428382,0.20297219802271751,0.25,4085302.753521524
276,2022-05-07T10:00:00+00:00,1455211.349922,871971.898923,948054.961428,810005.9382602889,0.3562115988696684,0.2134442562597051,0.23206812786657485,0.19827601700405165,0.25,4085244.148533289
277,2022-05-07T09:00:00+00:00,1455211.349922,871971.898923,968347.680496,789716.6779783418,0.3562112972821446,0.21344407554654213,0.23703524818448166,0.19330937898683165,0.25,4085247.607319342
278,2022-05-07T08:00:00+00:00,1455211.349922,867329.248923,972990.208258,789716.6779783418,0.35621130794063144,0.2123076391553621,0.23817166813300827,0.19330938477099818,0.25,4085247.4850813416
279,2022-05-07T07:00:00+00:00,1455411.503107,857129.248923,972990.208258,799711.4386295984,0.3562607456273873,0.20981111161239782,0.2381719646588897,0.1957561781013252,0.25,4085242.398917598
280,2022-05-07T06:00:00+00:00,1455480.283905,831269.64083,972990.208258,825491.8946772974,0.3562784865208802,0.20348162239001433,0.23817256931006467,0.20206732177904083,0.25,4085232.0276702973
281,2022-05-07T05:00:00+00:00,1455480.283905,827751.420863,976508.815566,825491.8946772974,0.35627845274036263,0.20262039873702287,0.23903384590257137,0.20206730262004313,0.25,4085232.4150112974
282,2022-05-07T04:00:00+00:00,1461819.370678,821428.06615,976508.815566,825481.9019589004,0.3578296577692547,0.20107225946540044,0.23903351008447596,0.20206457268086891,0.25,4085238.1543529006
283,2022-05-07T03:00:00+00:00,1461023.370678,822222.857183,976508.815566,825481.9019589004,0.35763491572457334,0.20126687097346102,0.23903358082299847,0.20206463247896717,0.25,4085236.9453859003
284,2022-05-07T00:00:00+00:00,1461023.370678,822222.857183,976498.815566,825491.8946772974,0.35763491636202854,0.20126687133220286,0.23903113341061974,0.20206707889514886,0.25,4085236.9381042975
285,2022-05-06T23:00:00+00:00,1461024.569343,749744.043297,992223.078492,878242.283032335,0.35798598624626915,0.18370523426080124,0.24311840114365546,0.21519037834927415,0.25,4081233.974164335
286,2022-05-06T22:00:00+00:00,1411061.748022,796625.35469,994222.570992,879242.4382120009,0.3457508344033619,0.19519619285055365,0.24361321110504672,0.2154397616410377,0.25,4081152.111916001
287,2022-05-06T21:00:00+00:00,1411061.748022,781950.524448,994222.570992,893917.4598521881,0.3457508181883133,0.19160042711785105,0.24361319968005604,0.21903555501377958,0.25,4081152.303314188
288,2022-05-06T20:00:00+00:00,1311088.104632,875676.271964,1000337.514119,893917.4598521881,0.3212648586069023,0.21457292816861964,0.2451195224006892,0.21904269082378883,0.25,4081019.350567188
289,2022-05-06T19:00:00+00:00,1311088.104632,855676.271964,1020338.637752,893917.4598521881,0.32126477015260535,0.20967213405899374,0.25002046527393845,0.21904263051446243,0.25,4081020.474200188
290,2022-05-06T18:00:00+00:00,1317091.685619,847206.252268,1020338.637752,896387.0233419897,0.3227356210211259,0.207596508993367,0.25002027383688086,0.21964759614862625,0.25,4081023.59898099
291,2022-05-06T17:00:00+00:00,970616.839029,1097029.705488,1116793.660048,896387.0233419897,0.2378480599206398,0.2688253249208627,0.2736684494777768,0.2196581656807207,0.25,4080827.22790699
292,2022-05-06T15:00:00+00:00,941776.238319,1126869.808924,1115793.660048,896387.0233419897,0.23078074627611503,0.27613762683553283,0.27342343444092415,0.219658192447428,0.25,4080826.7306329897
293,2022-05-06T14:00:00+00:00,902199.792601,949667.744376,1137840.855311,1091043.6775101954,0.22108664706151,0.23271880480182267,0.2788311653952722,0.26736338274139515,0.25,4080752.0697981953
294,2022-05-06T13:00:00+00:00,1027134.343905,883244.021493,1012840.855311,1157475.4959375237,0.2517057548350711,0.2164445230097589,0.2482030452264126,0.2836466769287574,0.25,4080694.7166465237
295,2022-05-06T12:00:00+00:00,956386.85872,906358.683694,1012840.855311,1205083.633130335,0.23437005479208892,0.22211026053092103,0.2482045467172218,0.29531513795976827,0.25,4080670.030855335
296,2022-05-06T11:00:00+00:00,956386.85872,906358.683694,938281.447401,1279655.2327076641,0.23436935457541333,0.22210959694227111,0.22993249565533616,0.3135885528269794,0.25,4080682.222522664
297,2022-05-06T10:00:00+00:00,926730.38426,936004.783999,938281.447401,1279655.2327076641,0.2271024034022014,0.22937516634017444,0.2299330802049981,0.31358935005262606,0.25,4080671.848367664
298,2022-05-06T09:00:00+00:00,904632.435569,957135.24998,939243.950303,1279655.2327076641,0.22168740176732543,0.2345536356702982,0.23016922982358543,0.313589732738791,0.25,4080666.868559664
299,2022-05-06T07:00:00+00:00,904632.435569,976141.200081,920233.950303,1279655.2327076641,0.2216876217834421,0.23921143291162303,0.22551090134054125,0.3135900439643936,0.25,4080662.818660664
300,2022-05-06T06:00:00+00:00,889192.583934,992568.236867,920233.950303,1278655.0518660801,0.21790465306008683,0.24323778807968488,0.22551161952760074,0.31334593933262755,0.25,4080649.82297008
301,2022-05-06T05:00:00+00:00,889192.583934,991568.236867,920233.950303,1279655.2327076641,0.2179046434032374,0.2429927183024257,0.22551160953363447,0.31359102876070244,0.25,4080650.003811664
302,2022-05-06T04:00:00+00:00,955594.426695,947582.862202,897786.610303,1279655.2327076641,0.2341787841023687,0.23221546328412446,0.22001235138141656,0.3135934012320903,0.25,4080619.1319076642
303,2022-05-06T03:00:00+00:00,955594.426695,947826.313268,897443.116595,1279755.2732284956,0.2341787842240984,0.23227512373045012,0.2199281746350965,0.31361791741035494,0.25,4080619.1297864956
304,2022-05-06T02:00:00+00:00,951061.962584,947826.313268,888681.897291,1293053.9614078875,0.23306776885704852,0.23227483885190459,0.21778087566715038,0.3168765166238965,0.25,4080624.1345508876
305,2022-05-06T00:00:00+00:00,911972.11216,967782.384187,888681.897291,1312189.782410297,0.22348827675343672,0.23716516594132284,0.21778076671350594,0.3215657905917345,0.25,4080626.176048297
306,2022-05-05T23:00:00+00:00,911972.11216,970777.098132,885686.897291,1312189.782410297,0.22348829242013607,0.23789906850137507,0.21704682594474614,0.3215658131337427,0.25,4080625.889993297
307,2022-05-05T22:00:00+00:00,942035.330737,942628.655135,883683.897291,1312189.782410297,0.23086058944750565,0.2310059929326899,0.21656065198134777,0.3215727656384567,0.25,4080537.665573297
308,2022-05-05T20:00:00+00:00,1042529.666994,842128.655135,883683.897291,1312189.782410297,0.25548866337192794,0.2063771720837549,0.216560952565653,0.3215732119786642,0.25,4080532.001830297
309,2022-05-05T18:00:00+00:00,995659.447057,791904.079052,1027330.564929,1265561.967127485,0.2440069033618351,0.1940724438062026,0.2517685646615867,0.31015208817037565,0.25,4080456.058165485
310,2022-05-05T17:00:00+00:00,559221.906976,1147870.381606,1435397.740501,1215561.967127485,0.12831923700365844,0.2633907035997099,0.32936682300925746,0.27892323638737415,0.25,4358051.996210485
311,2022-05-05T15:00:00+00:00,1275616.272049,893058.972586,986492.27341,1202066.9628959913,0.29275823406536455,0.20496004437960255,0.22640330184777122,0.2758784197072617,0.25,4357234.480940991
312,2022-05-05T12:00:00+00:00,1276885.272139,1062838.148188,1029460.087335,987938.2656771408,0.29305705430409423,0.24393124715756548,0.23627067153233566,0.2267410270060046,0.25,4357121.773339141
313,2022-05-05T08:00:00+00:00,1279539.594365,1062838.148188,1026806.08915,987938.2656771408,0.29366622411943977,0.2439312290162962,0.23566153672108478,0.2267410101431792,0.25,4357122.097380141
314,2022-05-05T07:00:00+00:00,1279539.594365,1026893.576506,1022412.486206,1028260.0895035604,0.2936673261531873,0.23568250031845153,0.23465404460481257,0.23599612892354863,0.25,4357105.746580561
315,2022-05-05T06:00:00+00:00,1279539.594365,994051.708947,1011289.599523,1072215.1550738262,0.2936679791675538,0.22814546563476312,0.2321017453097798,0.24608480988790327,0.25,4357096.0579088265
316,2022-05-05T05:00:00+00:00,1279539.594365,994035.39763,1011289.599523,1072215.1550738262,0.2936690785533304,0.22814257609297822,0.23210261421403774,0.24608573113965362,0.25,4357079.746591826
317,2022-05-05T02:00:00+00:00,1279539.594365,989035.39763,1011289.599523,1067210.8150738264,0.2943449272641393,0.22751742381331702,0.2326367741377338,0.24550087478480984,0.25,4347075.406591826
318,2022-05-05T01:00:00+00:00,1214616.820035,1053913.350543,1011289.599523,1067210.8150738264,0.2794129915205442,0.24244442956929743,0.2326391728118767,0.24550340609828164,0.25,4347030.585174826
319,2022-05-04T23:00:00+00:00,1214616.820035,1089705.020288,975492.968635,1067210.8150738264,0.27941331040704886,0.2506783061649654,0.22440469714329386,0.24550368628469185,0.25,4347025.624031826
320,2022-05-04T22:00:00+00:00,1214616.820035,877957.078306,950023.958969,1067210.8150738264,0.2955409647647859,0.2136248055062757,0.23116014264915996,0.25967408707977846,0.25,4109808.672383826
321,2022-05-04T21:00:00+00:00,1202221.316418,877957.078306,950023.958969,1079599.8763921892,0.2925253452872549,0.2136251403727039,0.23116050500301266,0.2626890093370286,0.25,4109802.230085189
322,2022-05-04T19:00:00+00:00,1174978.329514,876957.078306,934799.884259,1123055.1699131473,0.28589738099310547,0.21338243066555532,0.22745682362741979,0.2732633647139194,0.25,4109790.4619921474
323,2022-05-04T18:00:00+00:00,999431.256935,967822.232974,968570.648352,1173863.6188262228,0.24318909756865706,0.2354977531577612,0.23567986319196252,0.28563328608161925,0.25,4109687.7570872228
324,2022-05-04T17:00:00+00:00,1037860.227323,967822.232974,930135.878029,1173863.6188262228,0.2525402788205485,0.23549808551235096,0.2263279464753354,0.28563368919176507,0.25,4109681.9571522227
325,2022-05-04T15:00:00+00:00,1037860.227323,917822.232974,930135.878029,1173863.6188262228,0.2556506244274948,0.2260822997124218,0.22911545481791135,0.289151621042172,0.25,4059681.9571522227
326,2022-05-04T14:00:00+00:00,1037860.227323,916822.232974,930135.878029,1174863.812100175,0.2556506122564418,0.22583596424605665,0.22911544391014865,0.28939797958735286,0.25,4059682.150426175
327,2022-05-04T13:00:00+00:00,1052176.535602,947524.269165,885105.878029,1174863.812100175,0.25917781675256607,0.23339930429236294,0.21802406849072029,0.28939881046435073,0.25,4059670.494896175
328,2022-05-04T12:00:00+00:00,1052176.535602,954052.493764,885105.878029,1168330.9450326704,0.25917811313776007,0.23500764063955631,0.21802431781416415,0.28778992840851947,0.25,4059665.8524276703
329,2022-05-04T10:00:00+00:00,1037686.899937,909052.493764,886104.961212,1201823.7693109286,0.25719262848579394,0.2253103516262213,0.21962276299551725,0.29787425689246755,0.25,4034668.124223929
330,2022-05-04T09:00:00+00:00,1027614.890325,949114.675882,856104.961212,1201823.7693109286,0.25469688254836276,0.23524041097885612,0.21218772402755123,0.2978749824452299,0.25,4034658.296729929
331,2022-05-04T08:00:00+00:00,1027614.890325,949114.675882,948282.632597,1105429.5250968006,0.2549633416682772,0.23548651510172788,0.23528007537576287,0.274270067854232,0.25,4030441.7239008006
332,2022-05-04T07:00:00+00:00,1277904.881378,926279.135882,929282.632597,855144.4570692106,0.32038843775943016,0.23223099747015175,0.23298401565981292,0.21439654911060518,0.25,3988611.1069262107
333,2022-05-04T06:00:00+00:00,1200264.87375,978409.657177,951407.113651,855144.4570692106,0.3011786139947983,0.24550919627184883,0.23873353465635377,0.2145786550769991,0.25,3985226.101647211
334,2022-05-04T05:00:00+00:00,1221095.123062,973014.338068,923368.343102,867737.27,0.30640632947453156,0.24415604175529018,0.23169849704534315,0.2177391317248351,0.25,3985215.074232
335,2022-05-04T04:00:00+00:00,1221095.123062,989514.73097,906865.501115,867737.27,0.30640651777443323,0.2482965964541228,0.2275576202365235,0.21773926553492046,0.25,3985212.625147
336,2022-05-04T03:00:00+00:00,1221095.123062,996894.042838,899485.501115,867737.27,0.30640657068206606,0.2501483129614162,0.22570581322426025,0.21773930313225745,0.25,3985211.937015
337,2022-05-04T02:00:00+00:00,958159.5516,861156.302103,1172685.95,867737.27,0.24824464382271055,0.22311256944030006,0.30382518807804676,0.22481759865894263,0.25,3859739.073703
338,2022-05-04T01:00:00+00:00,906219.825118,828586.963695,867715.01,867737.27,0.2611389545126877,0.23876804217340974,0.2500432944036081,0.25004970891029443,0.25,3470259.068813
339,2022-05-04T00:00:00+00:00,867737.27,867054.5,867715.01,867737.27,0.25005079109637834,0.2498540412453124,0.25004437656193085,0.25005079109637834,0.25,3470244.05
