UNIX TimeStamp,Virtual Price, USDT Balance,DAI Balance,USDC Balance
1655895720,1021614858022584873,664135280178566,185590291874570939239616489,183709929054478
1655802849,1021607148231325242,676443151276445,181881762673313789183403557,183496316466570
1655717169,1021600665470454251,692768915692669,171765927657139704077853687,172131108433565
1655630605,1021591467098188853,709319595183928,174122750797493905266071404,172923013602906
1655544843,1021576583228310681,693268442990501,187052557936275605282235204,195668205054456
1655459012,1021556778311881523,766356253986170,195493465006140197431086850,192886080540159
1655374443,1021547921935342408,743899951795530,200014868535583745003070072,201479211873724
1655288625,1021529976535541483,829352897184817,182985213419836093874068844,188785414945181
1655201693,1021508692460325419,837917245455740,226865253076541129341560110,226498996529799
1655115375,1021481854502284753,1059403423295153,247902471186906753911701166,237793676052445
1655030421,1021469750276659895,1077791285238634,298057681960513971701745963,296103406031604
1654945776,1021464639376098633,1018706501073093,328012105515005307041704762,326487595809601
1654860494,1021461460861355504,981766682902241,344944177675734169425492464,338816707681829
1654775275,1021459406098017821,961655069080628,343497211826241436422266583,356020508849291
1654691113,1021456585706063874,950700638467554,349224289730556974051401643,354375155351376
1654606246,1021451398123492273,968273140426672,347869005497239774625391178,347667235725464
1654521038,1021446840170976696,983365777434058,331068579670889076886342282,338664767667952
1654435887,1021444472950414484,975176352809751,311288301141159612476572827,319458912925989
1654351315,1021442098912123168,987667063854015,314452286321084043393106965,307705009299084
1654269773,1021440602921079900,966623054077325,316698221012920500138235372,320513343210649
1654188751,1021438020827401821,985261007542311,299665704615280162643306380,313417133300854
1654107946,1021449078701111292,1007720390529517,291507640935753309087884534,292298530413178
1654026397,1021462431669992212,964065849403075,271222225057223034322419695,271186382867555
1653944926,1021474081247333694,967550934690820,262430262630836299493131517,261216837117431
1653863562,1021482130131364204,1033571929233710,219983343561224987937678256,221794809045413
1653782717,1021495584906465475,1046998671066851,208966203248790592555001800,224418433236602
1653702683,1021506264475048682,1058286438701316,201096447241994840025910033,206226772050138
1653621345,1021514151065156811,1161814449725713,210104205750888573532003195,213107524327140
1653540241,1021517539496103472,1152097643534141,203642850764445283160690006,210994385024783
1653459065,1021514944573231859,1136780658493868,206223794915696228940535479,198212398063823
1653377540,1021511820756468943,1115536716992944,208543125884200857753687734,207479300728366
1653297720,1021509452188724562,1094856353483660,208611977690358555887053232,213587470006713
1653217170,1021506313027885564,1099725112501032,190537239538919492446777975,185810588650042
1653135290,1021504196809566181,1109600780748430,182651113680154179274502844,177042559276985
1653054283,1021484960402270647,1019173643795238,202699591158610153049506300,204848259217779
1652973970,1021480233611118219,1054411659508065,188395094060670667727664237,182240157366950
1652892232,1021471266197687078,1072995069637956,182286093699417692735590865,180677053611361
1652812833,1021466751709916675,1058327879533010,185694653598058173143564048,186896955433800
1652733955,1021458596972045521,1064465776785833,181022571033762015478890058,183131129492924
1652654683,1021452790269608020,1079728151156020,183637467491456585070697123,175156416117807
1652575362,1021434313646232902,1046920731147696,172479149246402676748567867,181194348598403
1652496290,1021413581918168719,1228405265174800,183743264612223096642027319,186701593105486
1652417952,1021382262474381651,1310806675433420,147411387881979711902746576,147725423359107
1652337842,1021196031053510159,1839995484822548,100984025377410826327581223,100249100965538
1652258447,1021014189392574744,1566519795969130,498633815009334825234699309,405705207422129
1652179299,1020966405452722531,1622150927786643,562445585355301993148917799,412573911313928
1652098064,1020891165917332697,1348658004136082,811973638741588054029210768,768072286612451
1652019513,1020863734350072740,1391483231468588,903020564641436034735136641,618302675739568
1651940582,1020811916592862795,1022247895952332,1196723875854638176502241904,1010157566090200
1651860803,1020805720561242078,958716867131990,1238473883706437541233846463,1047460761110526
1651782284,1020799374886363250,921495106269198,1226170563520087457748057468,1052859849455635
1651702867,1020794187785550991,908155426793493,1231576770736862886337826548,1052604518910499
1651623437,1020788977968590312,856257851757100,1247811103878401530633049894,1070860527676731
1651544802,1020785534961876767,820454342628654,1253018524576897933754181613,1085786183587601
1651466418,1020779039549792245,796677058512223,1300992377342449595142516370,1152539566399950
1651387716,1020775812262119617,808115343255894,1309383292048752908143567896,1163799883657354
1651310167,1020768638955450950,777244215050991,1359716959497853736717616641,1270551963928547
1651232544,1020765276258179202,771568968977315,1361139653571367132553247449,1311510979475775
1651153799,1020761463955807998,755215910079300,1375725337141918140099390017,1281680774762919
1651075159,1020757854942591004,755376238635469,1366661636197209754730855208,1307212400566798
1650997590,1020753832681653889,757077428637680,1369347396265625786312760121,1276345259793936
1650918718,1020747713380197353,824021999245481,1356927006911001212719486222,1313832170056225
1650840145,1020742926478462372,842572805238954,1349273919315129406530239222,1306054716445415
1650761884,1020735911699280256,677022260624675,1351226345029881433554892345,1271162870179203
1650683714,1020732518156237675,713463397111255,1348319680556076134111574376,1281168478979145
1650606588,1020725585130190120,751941165817372,1389131633256807265794711753,1329485231196730
1650528389,1020719930589196921,815891900993368,1387628635493430647794618079,1335634998645743
1650450853,1020714740644145074,856838926776269,1443122924365213883298304010,1307892078726430
1650372783,1020712556347400988,856693514171343,1445593317345930999438135184,1281092556779199
1650294123,1020708112846205030,864328684984466,1430932542999645044414130261,1267883415638323
1650216573,1020705333546535776,857001246095659,1425901893359424097970452780,1271554090910271
1650138277,1020680541921268626,850582161219976,1451002704594824402403937346,1298484480424801
1650061024,1020678902462520709,830759747438773,1452271168391444581686291452,1291634875260497
1649983325,1020676520946217220,795930625425746,1454949977560521353332476017,1296369895585495
1649905925,1020673137397866192,783426854619865,1443653535283717545583759649,1308571672243681
1649827049,1020669125596407356,763975529254908,1447979557341823210059634355,1319491833656854
1649750529,1020665425511689028,739292179638340,1441649170488918243307638917,1330607236750554
1649671653,1020651965788879473,626987389308079,1484615764347672705367957935,1326171888824955
1649594478,1020648306412962688,608210470988884,1461230504525736805938808629,1286934265257034
1649517230,1020645488707501833,604005904848032,1459403246882588818318390812,1249426516090617
1649439088,1020642896008121466,588269173255243,1451535848820532998065296965,1244560656220508
1649360993,1020639267017922547,586781202071000,1460516301650900557785576045,1242635775585274
1649283599,1020636555268117527,565908350632481,1468522348654132752834621785,1251839656260154
1649205957,1020632090776879875,525473254550581,1463836965993006064695000117,1249356688863097
1649128565,1020626949294627563,505227812458276,1470436560533081557405034236,1225302466496870
1649050936,1020620821978110914,481952958222399,1465844687956660143762006631,1281003704241831
1648972036,1020618021517462186,482565784391842,1468709818076003125210064795,1300148700794064
1648895046,1020613097251362122,500662867875105,1493932457628734346555625822,1380276724444675
1648816860,1020608684509667049,493519483256229,1479221636677678371711609849,1382893441155773
1648739078,1020600107000014600,431343519571805,1487456853495525488069557945,1377460701786147
1648661515,1020594963971201828,437100023128890,1479309955536391248627649151,1407792339088068
1648583889,1020590284800711992,459456618607976,1461276997946519586891550327,1400751537566599
1648506620,1020586776339473642,437958654609553,1454200278818630952221321288,1367539041787906
1648429483,1020580554200721919,463087466424901,1463021702164633063497880621,1347207708092396
1648352144,1020576850453130720,466426184162710,1467311870683549156316251262,1327879239444433
1648274142,1020571488214294927,470372490642508,1480186060494381560697843996,1337773105228522
1648196578,1020566589382312793,449350428515290,1485232330026795791061643464,1349033607101724
1648119810,1020551677885934720,461131248859525,1536976500495529637763996586,1492888214712922
1648041828,1020544366962416055,470182854672522,1543586269809025999842473187,1527989872457511
1647965153,1020540284748426811,482484431591459,1543253916409289536805035062,1608718157893423
1647887090,1020537530791678297,475751295377902,1543724420067712876811702058,1635533470174965
1647809710,1020535417301205752,458422133065765,1540616840555811340807616686,1683008336886720
1647732147,1020532682634277112,484037679820653,1538321796241360286563964117,1696776174117207
1647654772,1020531071166500016,476427961383214,1536986214664101120712660434,1710162153584718
1647577910,1020523629788515435,513675080041332,1526085428555946889577020553,1724932639498619
1647500163,1020514789645909209,624628818150901,1515611169651736157330323305,1667494445868344
1647422135,1020508390058703665,722569709506008,1502391598607247323128287093,1631232624422619
1647344921,1020505067807873394,763093395303806,1506052953452287621046324713,1646987858871580
1647267431,1020499130598292568,707519620156659,1515744891273346843207953741,1677707011930275
1647190674,1020495974828441150,646425215280568,1522188789622002520373983911,1656468214334899
1647111784,1020488906785440346,602525934810607,1538168718509229123915996690,1691671247172551
1647034541,1020480919820295956,633588474347537,1550624892924619031850628136,1720563580147261
1646956224,1020472819481531528,703190962286346,1542135318446038946899659457,1676950908330827
1646879818,1020468591741215099,738539723336162,1561415538122258646950629897,1678895064216526
1646802690,1020465241194474834,719041478719878,1591184439229146565117484771,1694124989707998
1646724775,1020460251857274839,700634440640502,1593506154515992300089989308,1707598877101239
1646648447,1020453007232307199,687687538479833,1599569352845073933923406607,1734994733787104
1646570518,1020444658228978551,736834105819492,1610949921460532028304553561,1819598626426580
1646493468,1020437989314914264,778842549645098,1612629131496346723442573753,1791521638632467
1646414921,1020431555441976046,826699021156549,1623780993323264224060015524,1792480606606733
1646337975,1020428601319582732,818978737671890,1614118349994199348695216598,1810187065774001
1646260977,1020424178857768052,775151899672367,1618448766725922640680159918,1760287648707576
1646183432,1020417578338138184,778933042832223,1596339705915144355696353417,1670379013896290
1646107211,1020411049981978097,783676832172522,1576116314992013058753005061,1600318052226518
1646030528,1020405822712120078,785816759596410,1575700225353775138829340071,1580409897513681
1645952852,1020401404078945747,847240088572309,1575205653520002861965813147,1580397692125023
1645876087,1020396800616128798,866616420848509,1551315287816385086529982355,1581098084213158
1645799098,1020389175771525461,820299596154578,1555874179494174727810594031,1535610541631579
1645722231,1020379247975843793,837631840793146,1614541371612894383209834760,1617992484177020
1645645150,1020366362333200228,875996031751316,1624461080535367949848371983,1666485454209320
1645568216,1020359811730920827,859807753771833,1662424045555991548137288760,1629758602438778
1645491126,1020355279865688231,840106566941929,1670158631828063512402212215,1632494339148796
1645413327,1020350879027394809,858673508116460,1701584746704999461529905942,1603735231960349
1645336693,1020348582179586830,861383967260537,1713654378508891225206024578,1640349421012357
1645259187,1020345666756889078,866539621393378,1735377572012832225861433624,1605133859708429
1645181981,1020341336675940931,858192587810909,1727241579637920762649474072,1623523854022908
1645104836,1020338029266612440,841927562877917,1693445848556099612741201982,1638007642722936
1645028346,1020330060183457183,888112212629617,1698904166057781419405536329,1503510373335449
1644950674,1020325263054094430,882824333410304,1668439465035686714194855009,1565575803921297
1644874210,1020321970137055448,876801563598881,1653434230104045000037002513,1555992424770386
1644796929,1020315214815817972,836308594211309,1644806356747632022985007138,1677965583655554
1644720637,1020312636738100629,834758052376943,1648356419623414135242343803,1719401290118966
1644643653,1020310819431646913,821020418283298,1643660070550821393405437521,1719529690579750
1644567298,1020307388720164302,780320055717136,1628029467435564317872757330,1720112603269310
1644489506,1020303138247582924,806981995042365,1601656156380343817013358422,1718781490317427
1644412265,1020297433638918758,824372560578887,1591176348904667018625864137,1630142448231429
1644335573,1020290786665826698,860782027806709,1576212096734663229180721789,1561272671107340
1644258593,1020284949949296684,905318486689794,1547511115416748646937816823,1530795424444816
1644181391,1020275584344630373,1019245914698485,1522555963089708523558443738,1569456698081009
1644105333,1020273104674697508,990463051817026,1519145220060206265048311031,1520250511086942
1644027907,1020266376643947670,1050454581628561,1462242417700780188845140926,1501514399696501
1643951497,1020260345423458953,1116800448638705,1434066339831795413093710534,1428077243967780
1643874635,1020249581441197234,1000813128598895,1416595624550039955924447874,1382897226733861
1643796652,1020242678451820803,980331808151811,1427507116171581967697376584,1424485263218721
1643720684,1020236778767895950,992093373054161,1400204146098457032687976430,1410009888629115
1643643842,1020230487809134932,1000818872496795,1382292611427211245091749092,1425004117748134
1643566445,1020226906597205231,1001362664274186,1393393413094081641934047957,1454896122731315
1643490259,1020219650335857075,964696697935982,1373685328428132577527670192,1456080934919166
1643413408,1020190695091291485,1268625101650876,1389601262613268280943694505,1101128258146544
1643336196,1020136134800694579,1307876185628771,1446508686687719567129924852,1147386117452646
1643259950,1020087241524043520,1651730172831734,1827979583673681214919281997,1866426343974416
1643182494,1020078850602712287,1870504502999212,1708882016426756755605138524,1771473897615547
1643105842,1020068378799427379,1993557781067254,1632110920768419484123941038,1754041648229470
1643028414,1020060707766197514,1981534824278017,1641938906426862415872569867,1739924298652044
1642951130,1020054460668336722,2010238781351117,1609803405515427195582778481,1751728458505125
1642874508,1020046352534932806,2063300438231822,1645400019931002089449641766,1805209062937368
1642797973,1020024840902627623,2130908718305525,1942354942470561293413769845,2024059900503864
1642720297,1020015291970052701,2034895918001156,1986940572231338499815352558,2063236960831488
1642643546,1020008891043321870,1922509083878661,1971238609893194065974699588,2056258979351633
1642566610,1020002090072793617,1877067016157155,1943709288033973147480330695,2113393039294961
1642490140,1019995821281366874,1848584480293794,1915041645790227920626825126,2092458663999428
1642413103,1019991554297093322,1883157846782592,1907514252158707868445057043,2100224659932021
1642336845,1019988126419300092,1883494072495579,1899725755938472922879932905,2068425139270263
1642260114,1019985667612366972,1883792215855447,1896817422531071822319199838,2005465732495398
1642182368,1019981373945108775,1880091104837157,1884849019037872707986000850,1998448701435344
1642105495,1019978233066014885,1939050075581004,1887352668225454205476712725,1995742151854334
1642028056,1019972588933299469,1963983488283222,1891536263393854969766513594,1913380317306810
1641950530,1019970011046940481,1989892996234793,1892993574508887186923411252,1893676019523326
1641874697,1019966317109294671,1994215651210774,1896197407108722676618544128,1895526667119283
1641797617,1019962153208474024,2006783624205939,1886567931466391296870145303,1856746177291217
1641719857,1019954185510326843,1774297481545365,1886801549947711953199338579,2005157548207760
1641644664,1019950883459735466,1740710713044081,1873133895449579832883661899,2043205491418171
1641567240,1019947751879089029,1695904069440792,1883748348702296606615719749,1999680595148549
1641490088,1019940850703309405,1671354901499462,1902851262250263019133370607,2120494379423178
1641412659,1019933175074060217,1673471818751462,1928394840598301804565731898,2114192776592388
1641335424,1019929048654242371,1643299966505377,1921264061465635889062849276,2153479077405685
1641258282,1019925174134808276,1665214701056849,1911575187103653910116529058,2160378185683044
1641181290,1019920146368083229,1594150751561621,1878537841440086848178531922,2152935135700646
1641104774,1019918021738759116,1580449001039407,1874631485366984976052483847,2126254520373555
1641028558,1019909113634276793,1538849587884491,1863770504687547076460755053,2070461937979599
1640950592,1019903847710149216,1473416890218286,1864957449697461656348881158,1921237773550512
1640873275,1019898384891957634,1443906571473293,1867503462216724321555095885,1936791984132347
1640796215,1019890792468151932,1258224671897268,1862025744166645618924654091,1888892907753525
1640719634,1019885728439377311,1164796035217639,1818341037828969803224555828,1954377853575420
1640642547,1019881103659444440,1146685305735141,1794434440759878349988055110,1979799040425505
1640565517,1019873405367888071,1149337948030324,1824786192537615878352708254,1876254112805143
1640488855,1019870145650788340,1068620614887841,1820238047594358997106648868,1797034151998456
1640412163,1019860739770039107,890482659914282,1779808774533476199236320719,1674173918535074
1640334388,1019850762866375028,850788502656533,1766154754350202195685890019,1750978345012955
1640258170,1019840469157992771,786445255900948,1758454000102585908627178955,1764253577681086
1640180037,1019829652156868301,871341804957292,1700183854951532914867552977,1834706698321445
1640103295,1019818588442870110,979659067024357,1690574227666570956306060480,1856244119234360
1640025874,1019811234883643420,934966430591175,1680956776304165302771660299,1915373508209597
1639949740,1019804557714332367,938954088005644,1673939701376417706554367508,1923471314686271
1639872208,1019799846020657203,895793497540847,1662298933234732854305481144,1864061433265053
1639795767,1019790560373472013,1027932096383116,1656304825827320138649533078,1775538605217248
1639718920,1019786010442768520,979248709495595,1647561430333183805840319688,1705910519836013
1639641573,1019780786415164182,949363230122526,1612656034272851168298406656,1702587979411606
1639564384,1019775210514814278,884062232252604,1627141017047071355218250356,1658238792567946
1639487169,1019769913708235488,849629297269510,1619197595344393852386609136,1680590183628705
1639410085,1019764316999111082,774251307385983,1660090086571605281692451632,1730675163714400
1639333522,1019759494955005749,792357520947581,1649795431119169859901480745,1738273075033280
1639256996,1019755202798375508,781045997248707,1619913754406801543465403773,1749510592743521
1639179649,1019751004386202441,738409104206728,1624936973684689526876930930,1753092827177296
1639102709,1019743928814670907,629957226627175,1657034741697964135932680106,1820372644468476
1639023150,1019734612469559653,645305993683924,1655153393111140318055027594,1819137061103227
1638943213,1019728258176752292,638527888790050,1643801836970531658704275272,1756333707375147
1638863452,1019723940439117309,636296827663438,1649053840392797225230509317,1722786166208378
1638784584,1019711258841287254,508102212780523,1628891962568342477138463512,1701881381273596
1638704449,1019701877010154799,582113854882143,1628731781826948461147234584,1702062881804686
1638625268,1019686636013576880,539940938504062,1551078117139075613150607327,1693142438874025
1638545166,1019663578560668389,618863716447574,1631683381267856945147869189,1694353993528205
1638465269,1019654433425944046,700260459523562,1607756951833681197952500055,1671934047851226
1638385867,1019642863589873172,646264756421892,1584845793102473068192535029,1682707731897712
1638306090,1019634554090817989,827740301868025,1588458011224986861876626619,1702429093711287
1638226359,1019627346739404968,848936763385420,1542300935172044104441411579,1643287816532839
1638146133,1019620716689212707,747311731169641,1539268023689895678502959358,1581817310758966
1638067335,1019616937772587464,734726309666061,1542105013869907095047682631,1590401011593693
1637987935,1019613313006309274,711234118348313,1529411986578111722816325026,1582095713937065
1637909311,1019604707129670881,842084251680021,1531382978989486679469835438,1573917625940882
1637829939,1019599465572444148,839047492800440,1532046094013918540902857589,1543058717755612
1637750248,1019590151832795801,883319673581474,1522491637670250485154364489,1585397174268509
1637672351,1019586399112630070,852076987733117,1496096378324110732810449931,1607946589829631
1637594055,1019581353333584255,857808225957402,1481923443150991137411657592,1584387806958956
1637514699,1019574629227364977,952395590989736,1484668135772369188210642494,1516589801469512
1637435821,1019570648487037720,975199421025133,1495283837830465964271643099,1503634426361972
1637357627,1019563740301417358,1072354835135554,1490791308262078998847792895,1451691573682109
1637276945,1019555975358708222,1134617430745158,1534760363135456181563221942,1347905552231239
1637198939,1019547331804701615,1059907053318009,1573099808042659459467627643,1316832744418687
1637120902,1019536843353492021,1064963964951742,1594929028576944235570637133,1292927129177930
1637042417,1019528890930780027,1138703336988874,1663442049216916607088114291,1347499984518231
1636963099,1019520651453963995,1079556442507760,1694631446193350127938853942,1341890944172228
1636884870,1019515168008175160,1071042052874433,1720643511475204452127709831,1293278634880245
1636805648,1019507958686742983,1076052730019313,1738068182765517800748245539,1296105026554625
1636728110,1019497685440837437,777409585572850,1739551755537640491560762996,1309037059432127
1636649767,1019491231301265675,773407995611445,1712310211387608627419308833,1321635288141152
1636572303,1019480668283214356,746972491577343,1819086958022948286095838538,1394706142214770
1636493730,1019467153347636916,598977090336774,1836491789729015419497200516,1534475524128625
1636415683,1019457339387629717,645282411166253,1716783149597120840465711952,1589984293440057
1636336892,1019445285657159342,741843751181054,1653080472826760480021995166,1582358334320364
1636259578,1019435277719294556,620526363283360,1674657661585842658094922930,1463897740319128
1636181698,1019430278068937701,607157241351163,1694090335228381136056892240,1427896144778002
1636104346,1019416836280752862,764297619490556,1485222754967080367735762213,1434550193450006
1636026370,1019410489903774827,726219251136143,1515290967586784412826878679,1443359601668826
1635947995,1019405137150920210,702449828327214,1497204209021109107085163796,1429578590611869
1635869180,1019400821557938686,719736890603322,1495895202083855587709747682,1400332408504946
1635791031,1019394747842444964,689202447871897,1511006172362054583653152840,1400876320711081
1635712991,1019390281304332123,685916389090951,1509405140182136543807259771,1359462258257342
1635634227,1019382380068874469,700980307489503,1483743537916479647711194224,1283943678269008
1635555587,1019371585615803422,791976330213917,1434934551065074413326012402,1250475467524284
1635477653,1019342532962473650,908349223639813,1224268254056849899671533996,1307076002585256
1635400103,1019330772308403655,897530998370843,1242362812700332014167632767,1276444041237509
1635321106,1019315192718820165,998267848900542,1096939649692422494365051347,1225023116031287
1635243607,1019309680869767881,964725683210020,1074463082214323828868888323,1220854814589770
1635165691,1019301498592610296,915424706379009,1058978223266863810447628178,1164973002533798
1635088315,1019297337794329463,886173366658676,1054816855154390700192350678,1114305535441597
1635010016,1019293121144034132,855707525957794,1068014199787903628653721718,1098470661203662
1634932103,1019287776278977498,815878300220572,1091875037926301133374975753,1082153580720022
1634854353,1019276888235252964,903969120466228,1005252749523127593575657454,1091501596707732
1634777319,1019264660713912769,984378037903854,899845341413579181968644017,1139830821726247
1634698919,1019250230254757273,1069173009705116,831056285475599704919788570,1134812620660762
1634621278,1019244645464983151,1061430350175916,835132083009981238819379031,1172298819419296
1634543532,1019237161598840673,999668011222641,840772532733995668036198845,1231757346930770
1634465762,1019232485840386854,994657696629595,816926172720891971478159499,1263148497848032
1634387710,1019228176989724849,993773405598679,796307531108995809515240094,1257699452326955
1634309669,1019217640930108393,1009075347116237,821273359725358938705287013,1297070957340978
1634230646,1019203224740079397,1107698010177472,726443270404645061706115602,1294715564288546
1634152753,1019186648093231297,1142952320317830,620290093910224117443599418,1292364686222243
1634073298,1019178269695819989,987225114055188,593675969832954750447822476,1297979757279660
1633995244,1019169194195945923,1025770204779180,558871586890055832725599561,1328329943119772
1633917096,1019162519360931753,1015872658532813,551612624086953580310415048,1297524878403077
1633839419,1019156005274394831,1001155339290404,515886186810108455838214692,1243502823209499
1633761418,1019150514650528044,992253204140330,472574641747730333324937404,1215601128571927
1633683010,1019141443202127440,992158921447090,463127212808654918389509019,1161585426755169
1633605063,1019131122166796999,1041749444847659,468095354933601868103407582,1118398469867791
1633527277,1019119110816497288,998010359065010,512270033398671443058592215,1123222389108152
1633448749,1019106652587269817,966127315371096,480175511591450380589408579,1145611380389699
1633371492,1019093125210265200,825908039170683,487787209361812539998986583,1084930377436084
1633293290,1019087164476216895,805667714733353,497768162112628740158815212,1063271878983343
1633214867,1019080641957416877,801432329635078,502391631000369719346660536,968605668242751
1633137623,1019075408776743434,763294819330609,504619035757197681205704897,963927157236864
1633060344,1019058662420802723,796294635230724,476002798949196133611244383,879986624838953
1632981597,1019049107318703272,716036955218735,478624070502311500104414464,869341817277681
1632904074,1019038333467410300,673395044194191,482153945471325176934822654,921848560808014
1632826867,1019031533307901093,686073493151827,483433999784685762989844983,908232750064368
1632750074,1019027236411304292,676522073604606,477081336820047974529165654,930339334598861
1632671966,1019018264922343485,681357773185407,463664905230982363706670397,926740143436551
1632594192,1019006510707440531,693866060000717,444791437121542391551982394,906860618095790
1632518072,1018996477003302755,696304437420557,447882369161470253444835923,908171371512198
1632440971,1018979089101724426,826328218616391,473676543222268214867640505,778400836423569
1632363901,1018963567411507111,823821033747634,447863378490564217391318787,694956637670360
1632286452,1018955367710880539,833629759365077,437363745085379418641088447,685799443513082
1632209713,1018946005278227975,845773349306086,462040034375145106431194487,655352930124189
1632132656,1018935400131942479,853679553614073,478370247255481465596330118,708854577096305
1632056297,1018923680119962023,800863077889493,499925269184014821653611363,728418786246308
1631979215,1018918201851704399,804569921163513,509529544607427615625521569,735381467799456
1631901594,1018912916555682878,803266473509227,500250008197230732194036540,738616856663915
1631824831,1018905633742324323,810519646678629,485800096041388330940698884,700002691446914
1631747924,1018894583902245810,795451732692127,477450888689517879220969349,612299327905914
1631670445,1018866220194947496,565389407305073,476094255680345198709834941,742790414068729
1631594125,1018858425865617648,548547315996866,473913402797693562177802331,713449362848667
1631517092,1018850523618049410,554707819049899,468649984471847931579559370,685784277762343
1631439631,1018841742621004621,553240199797890,470629013642979398980038772,655014958394795
1631362890,1018832968544516197,503173479560708,469329574922479063329461575,660301283364559
1631285522,1018821684918605409,457972021397677,464482034242673497809126208,643052526035324
1631208857,1018808991401223359,398674226378789,465170096855212036524659871,652892522487853
1631130836,1018798113318589804,348447504021039,466234171123959303753104019,658025529221216
1631054261,1018780793328037158,342886305700382,429840257203464755565699174,673034906880536
1630977054,1018758771588859404,387175218892737,381817177971767857035301755,691100462332481
1630899765,1018750251414187539,382010414310048,372723530992392185021386000,674668834792404
1630823101,1018741715225117350,389522853819089,372937067007024079577162999,646618458907748
1630746903,1018735638458690593,408203722602578,360598880956158563653491660,622363625643035
1630669976,1018729276317760820,424033515333104,352614989633578588261653786,631524635257790
1630593120,1018718032407241855,415195471754147,354718163825536511939497670,630511493697158
1630516646,1018696424045208354,430495793185479,292202736773151399744038695,641863512933312
1630439216,1018684753364089597,403285208782146,286659539278950033879695831,624691909165766
1630361984,1018667286565410919,385173350616411,283020890465632303344075994,698602182798570
1630285436,1018656732774735817,408268878507160,270676987123735058949381958,710683761299145
1630207905,1018650678220975199,429284945811225,259718628773266445240097234,697425213830587
1630132084,1018646239058765564,430080462011594,261903590901315710519363137,700059167804517
1630053908,1018639087722301661,432361492710885,270100821100103448936389130,699255281269026
1629977879,1018632972990936255,402095232343100,271540275530587079023387801,725388611680652
1629900310,1018626196329903389,397258186933493,280100551545602878258896424,736163404613572
1629823549,1018619130321007470,421323181925629,280502857605314580350730065,711206535390816
1629747064,1018605980222757587,384767094160967,310696619430046526354326156,731384549698692
1629669292,1018594252572157424,361059707705074,309049337154134484035487777,717341145071407
1629592928,1018584610216174451,391975552864192,298434593962908031422492741,711895871193177
1629515465,1018571463196749302,424326868917379,287505242427053008641613928,688727561409012
1629439014,1018559072471297518,407609867274750,261925983741665185122961799,738630555412246
1629362310,1018546535824323622,445991748695000,271455777385356010938627268,748044872385894
1629285085,1018526251327367899,397884415106736,323853755278793391073299111,719667195894042
1629208886,1018513199446771884,380082497802070,331639760240912064540076963,737483048906880
1629132380,1018500315692772650,347455196034208,347018409944441442943682404,778610022623669
1629055122,1018484191855726978,379831755932774,287087469991779564454232287,820658177677732
1628978153,1018476270062704089,405980576469502,276527736691077976209995310,804825138075677
1628901109,1018463635575455280,389437436424909,268147020926665777476423474,830303445063075
1628824566,1018453018758244089,413870011185011,262846403554558571328751891,819336192406952
1628747440,1018441111354929923,366687051417652,264409693442740368064249332,806003612097766
1628670729,1018431721735819802,388579008963996,250114395853907381249227904,807603957121635
1628594027,1018411419611555519,404828903822319,306807352052244971812315292,771321769934011
1628516627,1018398227559806528,412743748827914,293967945771978286858488571,752062192450318
1628439960,1018387394103980007,421351391206507,270113955798011102175715789,754105610785845
1628363477,1018376088275830461,466184001909308,274017349905283996792699102,672090073413168
1628288172,1018363120738116801,521984306168537,252313736582238531892058257,647204990322130
1628210529,1018338247918139257,559930208986935,336884091873965389613510499,565172484560170
1628132438,1018327929692962441,571220367380429,343693286311714517327572802,559308124971703
1628053768,1018318638102430442,574772329268035,357825361248864431194268862,558046150182285
1627975509,1018306082669000890,539160120777998,396582243690720563634187360,530232782724011
1627897302,1018276598966029589,529005814340774,233630631763841803220367976,643276807956700
1627818665,1018258005837812916,432776588227934,259313396928553350512097458,711758291497872
1627739597,1018242024207217237,545140339583938,237302289272588334767210493,659193702922509
1627661034,1018231092718937993,601621409718694,231703168949463539172797017,625464733511768
1627581631,1018219141743543296,623838974851451,259017305902753717955283267,602679804880140
1627502701,1018205183596186620,591470883334289,236356214484556201487702419,654018419294079
1627423958,1018192461317078817,582825688369176,246350250228961226824310089,698194869259800
1627344543,1018184229006591434,577861340600128,248549075382785278294112335,713994909745880
1627266203,1018164765646389828,522880170616214,274103217584614876386845232,681428765120969
1627187849,1018149012433441009,601118016918188,238158829378380914267451922,649686436751265
1627110870,1018131740820054704,605783143784545,236083081981483514413031599,573846960095939
1627032882,1018124238263230696,644715101669921,246467191914132364818356530,584195902786177
1626955750,1018115063010459242,619404152333056,279934007458259518048036941,579744533483014
1626877841,1018105563023288234,604306585308490,278552160833646885371105442,584345264047461
1626799471,1018094371990386771,582344398811715,305320023735320693437270255,591666051020957
1626722201,1018079942146037961,573911564279076,277542539578275894243882793,628481479621174
1626644438,1018069827179078701,575832974152689,280788219310081708713830121,618148829489217
1626565916,1018063082777480171,584610121200623,284582928302069265324971872,628982560278941
1626487428,1018056460518681813,647553208432953,292373925780714161861539534,617135287450484
1626409737,1018047480527800934,633431402178431,293832319390009420654353718,635933979585361
1626331623,1018032379431534213,636794573288730,274668019824002923045577060,734581928536357
1626253847,1018024615158535872,652763237048024,258643266532720136919023658,711305263029707
1626175574,1018015720347351103,644531774750486,272711451208049096715477482,718931535131434
1626097119,1018005533400623924,692359733728016,306453250969738657884448206,739346951856795
1626019537,1017996350717487127,732471159690766,324116201080072161509479315,725296343159521
1625941276,1017991665363813540,731246237102582,317421140660152452147126331,712085912467455
1625864468,1017985167749656028,730759895636910,320158592994939859978549187,715934903961822
1625786639,1017976794883985979,704739415162906,306170778579541400232770273,754075981460618
1625709499,1017968218193587207,728883061215534,308276617419226104459051643,736312688533797
1625632158,1017959930763394697,741237649878867,299835863141992050252558365,724460043858261
1625554359,1017951615148325825,758771490040730,304787443910755618103569170,749823586185215
1625477086,1017942511805787779,747242130941628,280631078704081794510490330,747083504501373
1625400067,1017935097166631699,743923933325856,292504939837458304816732328,734157658568151
1625322580,1017930503701951577,752896610685894,296119833829465495832181888,733391481862946
1625244338,1017921922240834222,759140050614716,276798158238271930701310717,726783972329941
1625167740,1017910324865937670,751471808195867,266446612486592841006015663,746208698877660
1625089079,1017896325253278572,765783012821197,252373619434059651575547797,734753013223079
1625011913,1017882460628360207,763333228136310,230257022337699753516121555,764261575805159
1624934023,1017863165366118671,786604155147009,283344577075196544907564005,703718317635263
1624856857,1017854841701711873,796402451930264,276936881220072253000522925,711557919988922
1624779427,1017844572455259797,753966674173555,292793551268896478661790559,700500831835191
1624701915,1017836498796485665,749112134578340,295262087689295164970756416,711255161999943
1624624401,1017829306019148468,738473882542419,308791841117261748233986961,734561826195049
1624547296,1017820570830174573,741861130576611,305398432544516530084629402,748652892304738
1624470059,1017808509742428880,744129011299052,304170624807101746137222883,742322285821426
1624391550,1017790725812327829,690440721118716,268062017974034070631921467,671605897695780
1624313898,1017759435762001382,716055778537201,398849090742741243114937054,753842165667886
1624235440,1017713277277336924,738790625539580,333185546746822732322547127,936471124817718
1624158177,1017706183260127656,742325909537276,339980269356136938877605427,943211753224544
1624081286,1017696013874779646,760065384979966,339569295126664449734866413,932873015697696
1624002457,1017683125118887682,769669079427744,350637037011827328290586059,925944501778688
1623926231,1017662511695797666,791832305933257,346722603499675033329256945,924349172787215
1623849284,1017643960656804129,791514102239195,312914551743195342270661256,975181280261703
1623772171,1017627731471066963,777367885119795,285174397730594953721990510,1018835406535392
1623695434,1017609692903100825,724289736763859,310102399896029893295818509,975385050683528
1623617978,1017592438027906795,668070156557236,297356395353983557629212969,979397846204905
1623540439,1017583855480330398,637455246147491,295744108024865477134394946,1008164392607215
1623462833,1017573491225333216,618101916410545,282715775628624662365997623,1038631813466249
1623386116,1017552234403385966,584405491044950,325006514033027650520601747,1019382892267251
1623309647,1017538926610265243,571930897648809,312159867410800087276289610,993877829804535
1623231714,1017521352303697625,610148996202927,300132659905905284432205786,967521436404307
1623155292,1017508645004108714,628762276752564,275171779686112294531507216,923363283274291
1623078273,1017491345532420223,656673985076534,294558472421387982559971090,940069064482597
1623001563,1017478865804634553,596639126384654,296936551358253135599920039,901444516300403
1622924682,1017469034829615469,581731678930581,288834356709344074535670598,887308592640185
1622847048,1017453432207139498,561281255325995,261191130628907263040034025,799572612539999
1622770958,1017432398665346680,589807928206716,242453004122890129678656428,755651813101091
1622693340,1017412139544891893,592144165464912,202395494779040656864669950,688869562475409
1622617043,1017391505706976070,498955831770418,168661774045631650776460296,621229286251705
1622540189,1017369063323260355,490603031551520,141359420983806813737851843,624542269862908
1622462710,1017342122458440259,467219603007110,181352835154072803987971601,624413069077467
1622384666,1017314061787833925,536311535374202,176675609537260357340841806,485980223257332
1622307598,1017217667883039776,339801309389726,184779386888308477225924662,615034522630745
1622230966,1017204825359172580,389529359364309,231479388664330414658820467,767973552833933
1622153863,1017185467285990095,363380304808010,227911288538369671715529441,768798927666028
1622076101,1017114407532444581,245148393301143,242309232512457491514926009,853689651508202
1621998738,1017079527901251954,277037891955240,230999741760267792107820287,806346373559242
1621921561,1017052861851552206,266446802683753,232555198856797659200786013,792606511729264
1621845152,1017015165796446427,330843851471540,209489015183190082741305456,720933355847075
1621768122,1016928048197344404,333228006539197,193715895425659010720645531,783665459354319
1621690825,1016900607421748080,279690428147772,223584612547951669604186337,807485406331647
1621613364,1016859037984927466,221590763460055,273573805107599291296602278,863301138359957
1621535568,1016829330604530179,216116335314845,281800592575465679755992352,839179200765285
1621458339,1016762743191014555,346428577089677,198416807351045227081297171,768669614371297
1621381000,1016627068823148043,429742687851683,479810228464685476555218287,826640775043755
1621303963,1016603984907427270,379043173836907,497730988070249278505826690,800176495116188
1621226725,1016562981570061620,401186171318178,419783938609856482050574475,815032461336529
1621149310,1016522292185013086,333293795240035,488951566423462262458966411,882045186334377
1621073106,1016499453644898936,322392020221387,522907821175915703648987294,899323359971686
1620996222,1016462812623046263,345154082217010,428084308742617415437302684,892364179922454
1620919558,1016423314073087200,380632429007809,325256374544019829878591341,839444842670889
1620842904,1016380325394944032,304958325422950,423753547346353204948726767,801662927996052
1620765331,1016357786105850531,342081429273870,406566401815866413477819861,797558069249432
1620688195,1016333858613990461,336877699663636,432148044468996713215671577,784123867697572
1620612001,1016311213612219237,391235958835901,407507595215769416975759603,763819583439629
1620534761,1016287947767945976,383407288904089,409288697253986259397254294,763372244202579
1620458330,1016263700913751801,373591687342874,421524534425563284031645634,752458423808786
1620381438,1016236535713111588,406708107107741,429727829189113686389411090,679255470022827
1620304148,1016199938126309160,402331696809632,426619555114929518620301923,702300283810808
1620228022,1016176906458511743,453166368483838,424365309427954290911531546,659182801424592
1620150607,1016159291092217126,447618654630848,409221463459813348298359561,660279367905547
1620074546,1016129447256519118,484613957583193,374337470767063238926690130,648503404063983
1619997753,1016104711287805982,469627404096773,364819265972948970399043241,640225802313916
1619920418,1016090393333595292,452706277524589,375047972435604666674862445,623446045468929
1619843553,1016072074081496196,440164188095262,380196864173182816771717198,620067636111032
1619766257,1016054733203575568,478469487958527,354628955150811608930615770,607318484661085
1619690177,1016025422336834862,405815325260353,365809778064672198097138585,627779867414672
1619612391,1016011053684141401,409256546491882,384975620018345121870370989,625618327645905
1619536126,1015988559281625761,399350258416668,386749667244925541257112228,609747591667343
1619459185,1015951718347341746,379557923235688,391521546201280448521013886,597579671429085
1619382774,1015926888983032941,409084128297795,393341170222118151288132579,570599269915428
1619306006,1015912109201884513,393357416818040,393013009576786520479796188,534712596299405
1619229622,1015894698227980003,389768165388224,375233777149999569436062338,510088525375759
1619152644,1015863623048803841,375061860730236,399547746653690107877325498,490936433601605
1619075371,1015834361618403942,343787649612527,403570576076855688296951096,535309565876069
1618998190,1015805750142089116,313397427856018,415195602885708695323878036,532569535853748
1618922221,1015787933039200500,324922713891744,436506432827416711969370439,521569305167774
1604539033,1004066778920768299,70462159903003,27894091957180033037810210,84198853247062
1604462678,1004049561368336741,73787853238903,29820546193917567770723041,88669822720444
1604386133,1004030626629965985,73122955669335,30070544387311587000902599,85893505818722
1604310173,1004009650749374349,71072346998928,28329396576952239274220660,84545827673584
1604233086,1003986051942204857,74923992294093,27605183536865354653375531,81042230195186
1604156679,1003972167948820189,74612556941943,27536744635759703441585891,79029576937006
1604080405,1003965514799011423,73954771961086,28696547218570003821103882,79046059249609
1604003455,1003952097284167986,78893434332127,30061519599623305673764156,81653082582540
1603927155,1003937068329826779,79293734480165,28594672499686776057976849,74255324159346
1603851197,1003903846230277458,74076980526522,27815376910542896397220865,79261874645255
1603775224,1003842116646762887,57233851219195,22284717243025163201761470,63505373334665
1603699024,1003811420729534440,50723967480368,26095159782696588051579149,64638369658660
1603621952,1003758282880885027,61578970006948,30600274428782556650962314,76116335582969
1603545805,1003743461073829100,65571128322977,29264621246030841548510538,74718782483801
1603469310,1003727554310229441,62797639363609,29199937374993141792346510,78551932840839
1603393029,1003692863819475547,64946973784723,30542335287517329880460999,80186286846132
1603316905,1003609053348747078,107526319118411,45367462937057553143386634,134369613011261
1603240232,1003583815439740935,133098702110283,48523363354456892956033749,141645758468252
1603163789,1003563262847780791,133656783962758,51783311445669406366118071,132507400907377
1603087621,1003503622160772284,137218622384359,57354098888204881550861167,136144293517805
1603011645,1003407012722283769,130903698952853,62503563440878437968031407,141770131304147
1602935036,1003301863417874997,124827492308711,66842620823215528203049692,141756775124593
1602858329,1003204651213136408,123792362162943,69803716948521100225839765,139949894194194
